model_name,provider,input_price,output_price,model_price,price_unit,currency,description,tags,billing_type,model_multiplier,completion_multiplier,group_multiplier
claude-opus-4-5-20251101,Claude,2.5,12.5,,/M输出,¥,,对话,按量计费,,,
gemini-3-pro-image-preview,Gemini,,,0.159,,¥,"Nano Banana 2是Google Gemini系列中的下一代AI图像生成与编辑模型,是Gemini 2.5 Flash Image(Nano Banana)的升级版。该模型融合多模态Transformer和扩散模型,原生支持2K(2048×2048)及4K分辨率输出,在图像质量、文字渲染、物理推理等方面实现显著提升。",绘画,按次计费,,,
gpt-5.1,OpenAI,0.375,3,,/M输出,¥,"GPT-5.1：更智能、更具对话性的聊天GPT,最常用的型号，现在更温暖、更智能，更能遵循您的指令。","对话, 识图",按量计费,,,
gemini-3-pro-preview,Gemini,0.6,3.6,,/M输出,¥,Gemini 3 是谷歌迄今为止最智能的模型系列，以先进的推理能力为基础。它旨在通过掌握智能体工作流、自主编码和复杂的多模态任务，将任何想法变为现实。gemini-3-pro-preview 最适合需要广泛的世界知识和跨模态的高级推理的复杂任务。,"对话, 思考, 多模态",按量计费,,,
gemini-3-pro-preview-11-2025,Gemini,0.6,3.6,,/M输出,¥,Gemini 3 是谷歌迄今为止最智能的模型系列，以先进的推理能力为基础。它旨在通过掌握智能体工作流、自主编码和复杂的多模态任务，将任何想法变为现实。gemini-3-pro-preview 最适合需要广泛的世界知识和跨模态的高级推理的复杂任务。,"对话, 思考, 多模态",按量计费,,,
gemini-3-pro-preview-thinking,Gemini,0.6,3.6,,/M输出,¥,Gemini 3 是谷歌迄今为止最智能的模型系列，以先进的推理能力为基础。它旨在通过掌握智能体工作流、自主编码和复杂的多模态任务，将任何想法变为现实。gemini-3-pro-preview 最适合需要广泛的世界知识和跨模态的高级推理的复杂任务。,"对话, 思考, 多模态",按量计费,,,
claude-haiku-4-5-20251001,Claude,0.5,2.5,,/M输出,¥,Claude Haiku 4.5 是速度最快、性价比最高的模型，在编码、计算机使用和代理任务方面的表现与 Sonnet 4 相当。,"对话, 识图, 思考",按量计费,,,
claude-haiku-4-5-20251001-thinking,Claude,0.5,2.5,,/M输出,¥,Claude Haiku 4.5 是速度最快、性价比最高的模型，在编码、计算机使用和代理任务方面的表现与 Sonnet 4 相当。,"对话, 识图, 思考",按量计费,,,
claude-opus-4-1-20250805,Claude,7.5,37.5,,/M输出,¥,Anthropic公告，新模型在智能体工具调用、智能体编程与多语言问答能力上全面超越OpenAI o3，Opus 4.1在SWE-bench Verified上的顶级编码性能提升至74.5%，该版本还增强了Claude的深度研究与数据分析能力，特别是在细节追踪和智能体搜索方面。,"对话, 识图",按量计费,,,
claude-opus-4-1-20250805-thinking,Claude,7.5,37.5,,/M输出,¥,Anthropic公告，新模型在智能体工具调用、智能体编程与多语言问答能力上全面超越OpenAI o3，Opus 4.1在SWE-bench Verified上的顶级编码性能提升至74.5%，该版本还增强了Claude的深度研究与数据分析能力，特别是在细节追踪和智能体搜索方面。,"对话, 识图, 思考",按量计费,,,
claude-opus-4-20250514,Claude,7.5,37.5,,/M输出,¥,Claude 4系列是Anthropic公司最新一代AI模型，代表了当前大型语言模型技术的巅峰水平。这一代模型主要分为两条产品线：Claude Sonnet 4和Claude Opus 4，分别针对不同的应用场景和需求。,"对话, 识图",按量计费,,,
claude-opus-4-20250514-thinking,Claude,7.5,37.5,,/M输出,¥,思考版Claude Opus 4 是全球领先的编码模型，在复杂、长时间运行的任务和代理工作流中拥有持续的性能。Claude Sonnet 4 是 Claude Sonnet 3.7 的重大升级，提供卓越的编码和推理能力，同时更精确地响应您的指令。,"对话, 识图, 思考",按量计费,,,
claude-sonnet-4-20250514,Claude,1.5,7.5,,/M输出,¥,Claude 4系列是Anthropic公司最新一代AI模型，代表了当前大型语言模型技术的巅峰水平。这一代模型主要分为两条产品线：Claude Sonnet 4和Claude Opus 4，分别针对不同的应用场景和需求。,"对话, 识图",按量计费,,,
claude-sonnet-4-20250514-thinking,Claude,1.5,7.5,,/M输出,¥,思考版Claude Sonnet 4 在 Claude Sonnet 3.7 的基础上，在多个领域进行了改进，尤其是在编码方面。它提供了适用于大多数 AI 用例的前沿性能，包括面向用户的 AI 助手和高容量任务。,"对话, 识图, 思考",按量计费,,,
claude-sonnet-4-5-20250929,Claude,1.5,7.5,,/M输出,¥,Claude Sonnet 4.5 是世界上最好的编码模型。它是构建复杂代理的最强大模型。它是使用计算机的最佳模型。它在推理和数学方面表现出显著的进步。,"对话, 识图, 思考",按量计费,,,
claude-sonnet-4-5-20250929-thinking,Claude,1.5,7.5,,/M输出,¥,Claude Sonnet 4.5 是世界上最好的编码模型。它是构建复杂代理的最强大模型。它是使用计算机的最佳模型。它在推理和数学方面表现出显著的进步。,"对话, 识图, 思考",按量计费,,,
gpt-5,OpenAI,0.375,3,,/M输出,¥,GPT-5 是我们面向跨领域编码、推理和智能体任务的旗舰模型。,"对话, 思考",按量计费,,,
gpt-5-2025-08-07,OpenAI,0.375,3,,/M输出,¥,GPT-5 是我们面向跨领域编码、推理和智能体任务的旗舰模型。,"对话, 识图, 思考",按量计费,,,
gpt-5-all,OpenAI,0.625,5,,/M输出,¥,gpt-5-all是openai最新的旗舰模型,对话,按量计费,,,
gpt-5-chat-latest,OpenAI,0.375,3,,/M输出,¥,GPT-5 Chat 指向当前 ChatGPT 所使用的 GPT-5 快照版本。,"对话, 识图",按量计费,,,
gpt-5-codex,OpenAI,0.375,3,,/M输出,¥,GPT-5-Codex 是 GPT-5 的一个版本，针对 Codex 中的代理编码进行了优化。与其前身 codex-1 一样，该模型在各种环境中使用强化学习对真实世界的编码任务进行训练，以生成与人类风格和公关偏好密切相关的代码，精确遵守指令，并迭代运行测试，直到获得通过的结果。,"对话, 识图, 思考",按量计费,,,
gpt-5-codex-high,OpenAI,0.375,3,,/M输出,¥,GPT-5-Codex 是 GPT-5 的一个版本，针对 Codex 中的代理编码进行了优化。与其前身 codex-1 一样，该模型在各种环境中使用强化学习对真实世界的编码任务进行训练，以生成与人类风格和公关偏好密切相关的代码，精确遵守指令，并迭代运行测试，直到获得通过的结果。,"对话, 识图, 思考",按量计费,,,
gpt-5-codex-low,OpenAI,0.375,3,,/M输出,¥,GPT-5-Codex 是 GPT-5 的一个版本，针对 Codex 中的代理编码进行了优化。与其前身 codex-1 一样，该模型在各种环境中使用强化学习对真实世界的编码任务进行训练，以生成与人类风格和公关偏好密切相关的代码，精确遵守指令，并迭代运行测试，直到获得通过的结果。,"对话, 识图, 思考",按量计费,,,
gpt-5-codex-medium,OpenAI,0.375,3,,/M输出,¥,GPT-5-Codex 是 GPT-5 的一个版本，针对 Codex 中的代理编码进行了优化。与其前身 codex-1 一样，该模型在各种环境中使用强化学习对真实世界的编码任务进行训练，以生成与人类风格和公关偏好密切相关的代码，精确遵守指令，并迭代运行测试，直到获得通过的结果。,"对话, 识图, 思考",按量计费,,,
gpt-5-high,OpenAI,0.375,3,,/M输出,¥,这一系列模型来自codex,对话,按量计费,,,
gpt-5-low,OpenAI,0.375,3,,/M输出,¥,这一系列模型来自codex,对话,按量计费,,,
gpt-5-medium,OpenAI,0.375,3,,/M输出,¥,这一系列模型来自codex,对话,按量计费,,,
gpt-5-mini,OpenAI,0.075,0.6,,/M输出,¥,GPT-5 Mini 是由 openai 提供的人工智能模型。,"工具, 多模态, 思考, 对话",按量计费,,,
gpt-5-mini-2025-08-07,OpenAI,0.075,0.6,,/M输出,¥,GPT-5 mini 是 GPT-5 的提速降本版本，特别适合处理定义清晰的任务和精确指令。,"对话, 识图, 思考",按量计费,,,
gpt-5-minimal,OpenAI,0.375,3,,/M输出,¥,这一系列模型来自codex,"对话, 思考",按量计费,,,
gpt-5-nano,OpenAI,0.015,0.12,,/M输出,¥,GPT-5 Nano 是由 openai 提供的人工智能模型。,"工具, 多模态, 思考, 对话",按量计费,,,
gpt-5-nano-2025-08-07,OpenAI,0.015,0.12,,/M输出,¥,GPT-5 Nano 是我们最快、最经济的 GPT-5 版本，特别适合摘要生成和分类任务。,"对话, 识图, 思考",按量计费,,,
gpt-5-pro,OpenAI,4.5,36,,/M输出,¥,GPT-5 Pro 是由 openai 提供的人工智能模型。,"对话, 识图, 思考",按量计费,,,
gpt-5-pro-all,OpenAI,,,0.805,,¥,gpt-5-pro-all 是openai 最新出的 顶尖模型,对话,按次计费,,,
gpt-5-search-api,OpenAI,5,40,,/M输出,¥,gpt-5专用搜索模型,"对话, 联网",按量计费,,,
gpt-5-search-api-2025-10-14,OpenAI,5,40,,/M输出,¥,gpt-5专用搜索模型,"对话, 联网",按量计费,,,
gpt-5-thinking-all,OpenAI,0.625,5,,/M输出,¥,gpt-5-thinking-all 是 openai 最新出的旗舰模型,"思考, 对话",按量计费,,,
veo_3_1,Gemini,,,0.15,,¥,"Google最新的高级人工智能模型, veo3.1快速 模式，支持视频自动配套音频生成，质量高价格很低，性价比最高的选择, 支持首尾帧和文生视频","视频生成, 异步",按次计费,,,
veo_3_1-fast,Gemini,,,0.06,,¥,"Google最新的高级人工智能模型, veo3.1快速 模式，支持视频自动配套音频生成，质量高价格很低，性价比最高的选择, 支持首尾帧和文生视频","视频生成, 异步",按次计费,,,
veo3,Gemini,,,0.45,,¥,"veo3 谷歌官方最新的视频生成模型，生成的视频带有声音，目前全球独一家带有声音的视频模型 ,  请求格式: openai chat格式","视频生成, 异步",按次计费,,,
veo3-pro-frames,Gemini,,,2,,¥,"Google最新的高级人工智能模型, veo3 高质量 模式，支持视频自动配套音频生成，支持首帧传递，不支持尾帧，质量超高，价格也超高，使用需注意","视频生成, 异步",按次计费,,,
veo3.1,Gemini,,,0.35,,¥,"Google最新的高级人工智能模型, veo3.1快速 模式，支持视频自动配套音频生成，质量高价格很低，性价比最高的选择, 支持首尾帧和文生视频","视频生成, 异步",按次计费,,,
veo3.1-components,Gemini,,,0.21,,¥,"Google最新的高级人工智能模型, veo3.1 高质量 模式，支持视频自动配套音频生成，质量超高，价格也超高，使用需注意, 多图元素合一功能，支持 1～3 个图片","视频生成, 异步",按次计费,,,
veo3.1-pro,Gemini,,,1.05,,¥,"Google最新的高级人工智能模型, veo3.1 高质量 模式，支持视频自动配套音频生成，质量超高，价格也超高，使用需注意, 支持首尾帧和文生视频","视频生成, 异步",按次计费,,,
gpt-5.1-all,OpenAI,0.625,5,,/M输出,¥,GPT-5.1：更智能、更具对话性的聊天GPT，最常用的型号，现在更温暖、更智能，更能遵循您的指令。,"对话, 识图, 联网",按量计费,,,
gpt-5.1-thinking-all,OpenAI,0.625,5,,/M输出,¥,GPT-5.1：更智能、更具对话性的聊天GPT，先进的推理模型，现在更容易理解，处理简单任务速度更快，处理复杂任务更持久。,"对话, 识图, 思考, 联网",按量计费,,,
grok-4.1,Grok,1,5,,/M输出,¥,Grok 4.1 在创造性、情感化和协作式交互方面表现卓越，能够更敏锐地捕捉细微意图，对话体验更具吸引力，人格特质保持高度一致，同时完整继承了前代产品犀利的智能表现与可靠性能。,"对话, 识图, 联网",按量计费,,,
grok-4.1-thinking,Grok,1,5,,/M输出,¥,Grok 4.1 在创造性、情感化和协作式交互方面表现卓越，能够更敏锐地捕捉细微意图，对话体验更具吸引力，人格特质保持高度一致，同时完整继承了前代产品犀利的智能表现与可靠性能。,"对话, 思考, 识图, 联网",按量计费,,,
veo3.1-fast,Gemini,,,0.21,,¥,"Google最新的高级人工智能模型, veo3.1 快速 模式，支持视频自动配套音频生成，质量高价格很低，性价比最高的选择, 支持首尾帧和文生视频","视频生成, 异步",按次计费,,,
andreasjansson/stable-diffusion-animation,Replicate,,,0.488,,¥,通过在两个提示之间进行插值来制作稳定扩散的动画,"绘画, 异步",按次计费,,,
BAAI/bge-reranker-v2-m3,SiliconCloud,0.005,0.005,,/M输出,¥,BAAI/bge-reranker-v2-m3 是一个轻量级的多语言重排序模型。它基于 bge-m3 模型开发，具有强大的多语言能力，易于部署，并且推理速度快。该模型采用查询和文档作为输入，直接输出相似度分数，而不是嵌入向量。它适用于多语言场景，特别是在中文和英文处理方面表现出色,重排序,按量计费,,,
babbage-002,OpenAI,0.2,0.2,,/M输出,¥,替代 GPT-3 ada 和 babbage 基础模型。,对话,按量计费,,,
black-forest-labs/flux-1.1-pro,Replicate,,,0.15,,¥,Replicate 平台格式的 Flux,"绘画, 异步",按次计费,,,
black-forest-labs/flux-1.1-pro-ultra,Replicate,,,0.225,,¥,FLUX1.1 [pro] – 超高模式：此选项支持以标准 FLUX1.1 [pro] 四倍的分辨率生成图像，且不影响快速生成。与许多高分辨率模型在更高分辨率下速度明显下降不同，我们的性能基准测试显示，该模型能够持续快速生成图像——比同类高分辨率产品快 2.5 倍以上。,"绘画, 异步",按次计费,,,
black-forest-labs/flux-dev,Replicate,,,0.094,,¥,Replicate 平台格式的 Flux,"绘画, 异步",按次计费,,,
black-forest-labs/flux-fill-dev,Replicate,,,0.15,,¥,用于编辑和扩展图像的开放权重修复模型。从 FLUX.1 Fill [pro] 中 Guidance 蒸馏。,"绘画, 异步",按张计费,,,
black-forest-labs/flux-fill-pro,Replicate,,,0.188,,¥,具有最先进性能的专业修复和修复模型。编辑或扩展图像，获得自然、无缝的效果。,"绘画, 异步",按次计费,,,
black-forest-labs/flux-kontext-dev,Replicate,,,0.094,,¥,Replicate 平台格式的 Flux，最先进的基于文本的图像编辑模型，通过自然语言转换图像，提供高质量的输出，具有出色的提示跟踪和一致的结果,"绘画, 异步",按次计费,,,
black-forest-labs/flux-kontext-max,Replicate,,,0.3,,¥,Replicate 平台格式的 Flux，最先进的基于文本的图像编辑模型，通过自然语言转换图像，提供高质量的输出，具有出色的提示跟踪和一致的结果,"绘画, 异步",按次计费,,,
black-forest-labs/flux-kontext-pro,Replicate,,,0.15,,¥,Replicate 平台格式的 Flux，一个高级的基于文本的图像编辑模型，提供最大的性能和改进的排版生成，通过自然语言提示转换图像,"绘画, 异步",按次计费,,,
black-forest-labs/flux-pro,Replicate,,,0.206,,¥,Replicate 平台格式的 Flux,"绘画, 异步",按次计费,,,
black-forest-labs/flux-schnell,Replicate,,,0.011,,¥,Replicate 平台格式的 Flux,"绘画, 异步",按次计费,,,
chatgpt-4o-latest,OpenAI,20,60,,/M输出,¥,ChatGPT 中的动态模型不断更新至当前版本的 GPT-4o。旨在用于研究和评估 [2]。输入128K，输出16K,"对话, 识图",按量计费,,,
cjwbw/rembg,Replicate,,,0.019,,¥,删除图像背景,"绘画, 异步",按次计费,,,
claude-3-5-haiku-20241022,Claude,0.4,2,,/M输出,¥,Claude模型的最新版本，具有最先进的语言处理技术，支持200K上下文、读取图片,对话,按量计费,,,
claude-3-5-haiku-latest,Claude,2.4,12,,/M输出,¥,Claude Haiku 3.5 (latest) 是由 anthropic 提供的人工智能模型。,"工具, 多模态, 对话",按量计费,,,
claude-3-5-sonnet-20240620,Claude,2.4,12,,/M输出,¥,"<div>Claude-3.5 Sonnet是一个强大的AI助手,具有出色的推理能力和200K上下文窗口。它支持图像分析,可以处理复杂的任务,同时保持高效和经济实惠。</div>","对话, 识图",按量计费,,,
claude-3-5-sonnet-20241022,Claude,1.5,7.5,,/M输出,¥,Claude模型的最新版本 claude-3-5，具有最先进的语言处理技术，支持200K上下文、读取图片,"对话, 识图",按量计费,,,
claude-3-7-sonnet-20250219,Claude,1.5,7.5,,/M输出,¥,Claude 3.7 Sonnet 既是普通的 LLM 模型，又是推理模型。在标准模式下，Claude 3.7 Sonnet 是 Claude 3.5 Sonnet 的升级版。在扩展思维模式下，它会在回答前进行自我反思，从而提高其在数学、物理、遵循指令、编码和许多其他任务上的表现。我们通常发现，在两种模式下，对模型的提示方式类似。Claude 在编码能力方面全面领先。,"对话, 识图, 思考",按量计费,,,
claude-3-7-sonnet-20250219-thinking,Claude,1.5,7.5,,/M输出,¥,Claude 3.7 Sonnet 既是普通的 LLM 模型，又是推理模型。在标准模式下，Claude 3.7 Sonnet 是 Claude 3.5 Sonnet 的升级版。在扩展思维模式下，它会在回答前进行自我反思，从而提高其在数学、物理、遵循指令、编码和许多其他任务上的表现。我们通常发现，在两种模式下，对模型的提示方式类似。Claude 在编码能力方面全面领先。,"对话, 思考",按量计费,,,
claude-3-7-sonnet-latest,Claude,9,45,,/M输出,¥,Claude Sonnet 3.7 (latest) 是由 anthropic 提供的人工智能模型。,"工具, 多模态, 思考, 对话",按量计费,,,
claude-3-haiku-20240307,Claude,0.125,0.625,,/M输出,¥,"Claude-3 Haiku是一个快速、高效的AI助手,具有出色的推理能力和200K上下文窗口。它是Claude-3系列中最轻量级的版本,适合需要快速响应的场景。","对话, 识图",按量计费,,,
claude-3-opus-20240229,Claude,7.5,37.5,,/M输出,¥,"Claude-3 Opus是Claude-3系列中最强大的模型,具有卓越的推理能力、200K上下文窗口和高级图像分析功能。它能够处理最复杂的任务,提供最准确的结果。","对话, 识图",按量计费,,,
claude-3-sonnet-20240229,Claude,1.5,7.5,,/M输出,¥,Claude Sonnet 3 是由 anthropic 提供的人工智能模型。,"对话, 识图",按量计费,,,
claude-3-sonnet-all,Claude,1.5,2.25,,/M输出,¥,Claude Sonnet 3 是由 anthropic 提供的人工智能模型。,"对话, 识图",按量计费,,,
claude-opus-4-5-20251101-thinking,Claude,2.5,12.5,,/M输出,¥,,,按量计费,,,
codex-mini-2025-05-16,OpenAI,22.5,22.5,,/M输出,¥,,"对话, 工具, 思考",按量计费,,,
codex-mini-latest,OpenAI,4.5,18,,/M输出,¥,Codex Mini 是由 openai 提供的人工智能模型。,"工具, 思考, 对话",按量计费,,,
dall-e-3,OpenAI,,,0.012,,¥,生成图像的新版本DALL-E。,绘画,按次计费,,,
davinci-002,OpenAI,20,20,,/M输出,¥,替代 GPT-3 curie 和 davinci 基础模型。,对话,按量计费,,,
deepseek-chat,DeepSeek,1,4,,/M输出,¥,最强开源 MoE 模型 DeepSeek-V3,对话,按量计费,,,
deepseek-math-v2,DeepSeek,2,8,,/M输出,¥,,"对话, 思考",按量计费,,,
deepseek-ocr,DeepSeek,,,0.02,,¥,DeepSeek AI 推出 DeepSeek-OCR，一个开源系统，使用光学 2D 映射来压缩长文本段落。这种方法旨在增强大语言模型处理文本密集型输入的能力。这种被称为 “上下文压缩新范式” 的方法表明，与传统标记化相比，视觉编码可以更高效地存储和检索语言。,识图,按次计费,,,
deepseek-r1,DeepSeek,1.2,4.8,,/M输出,¥,deepseek-r1 是由深度求索推出的深度思考模型。在后训练阶段大规模使用了强化学习技术，在仅有极少标注数据的情况下，极大提升了模型推理能力。在数学、代码、自然语言推理等任务上，性能比肩 OpenAI o1 正式版。自动指向最新版本,"对话, 思考",按量计费,,,
deepseek-r1-0528,DeepSeek,1.2,4.8,,/M输出,¥,,,按量计费,,,
deepseek-r1-2025-01-20,DeepSeek,1.2,4.8,,/M输出,¥,deepseek-r1,"对话, 思考",按量计费,,,
deepseek-r1-250120,DeepSeek,1.2,4.8,,/M输出,¥,,,按量计费,,,
deepseek-r1-250528,DeepSeek,1.2,4.8,,/M输出,¥,DeepSeek 最新模型。该模型在推理、代码生成等能力上相比前代有显著增强，并已在各大评测中表现优异，全面接近 OpenAI O3 级别！,"对话, 思考",按量计费,,,
deepseek-r1-distill-llama-70b,DeepSeek,0.5,1.5,,/M输出,¥,基于 Llama-3.3-70B练阶段大规模使用了强化学习技术的DeepSeek-R1,对话,按量计费,,,
deepseek-r1-distill-qwen-32b,AlibabaCloud,1,3,,/M输出,¥,基于 Qwen2.5-32B练阶段大规模使用了强化学习技术的DeepSeek-R1,对话,按量计费,,,
deepseek-r1-distill-qwen-7b,AlibabaCloud,0.25,0.5,,/M输出,¥,基于 Qwen2.5-Math-7B练阶段大规模使用了强化学习技术的DeepSeek-R1,对话,按量计费,,,
deepseek-r1-searching,DeepSeek,2,8,,/M输出,¥,deepseek-r1 开源版本部署的，可联网搜索,"对话, 联网, 思考",按量计费,,,
deepseek-reasoner,DeepSeek,1.2,4.8,,/M输出,¥,deepseek-r1,对话,按量计费,,,
deepseek-v3,DeepSeek,1,4,,/M输出,¥,DeepSeek V3 是由 alibaba-cn 提供的人工智能模型。,对话,按量计费,,,
deepseek-v3-0324,DeepSeek,1,4,,/M输出,¥,"deepseek最新大模型,推理任务表现提高,前端开发能力增强,中文写作升级,中文搜索能力优化",对话,按量计费,,,
deepseek-v3-1,DeepSeek,1.2,3.6,,/M输出,¥,深度求索全新推出的混合推理模型，支持思考与非思考2种推理模式，较 deepseek-r1-0528 思考效率更高,对话,按量计费,,,
deepseek-v3-1-250821,DeepSeek,1.2,3.6,,/M输出,¥,"默认指向deepseek-v3-1-terminus
深度求索全新推出的混合推理模型，支持思考与非思考2种推理模式，较 deepseek-r1-0528 思考效率更高","对话, 思考",按量计费,,,
deepseek-v3-1-think-250821,DeepSeek,1.2,3.6,,/M输出,¥,"默认指向最新deepseek-v3-1-terminus
混合推理：思考与非思考——一个模型，两种模式
更快的思考：DeepSeek-V3.1-Think 与 DeepSeek-R1-0528 相比，可以在更短的时间内找到答案
更强的代理技能：后期培训可提升工具使用和多步骤代理任务","对话, 思考",按量计费,,,
deepseek-v3-250324,DeepSeek,1,4,,/M输出,¥,"deepseek最新大模型,推理任务表现提高,前端开发能力增强,中文写作升级,中文搜索能力优化",对话,按量计费,,,
deepseek-v3-search,DeepSeek,1,4,,/M输出,¥,deepseek-v3-search 是v3 联网查询版本,"对话, 联网",按量计费,,,
deepseek-v3.1,DeepSeek,1.2,3.6,,/M输出,¥,深度求索全新推出的混合推理模型，支持思考与非思考2种推理模式，较 deepseek-r1-0528 思考效率更高,"对话, 思考",按量计费,,,
deepseek-v3.1-thinking,DeepSeek,2,6,,/M输出,¥,,,按量计费,,,
deepseek-v3.2,DeepSeek,1,1.5,,/M输出,¥,,,按量计费,,,
deepseek-v3.2-exp,DeepSeek,0.6,0.9,,/M输出,¥,deepSeek-V3.2-Exp 模型，这是一个实验性（Experimental）的版本。作为迈向新一代架构的中间步骤，V3.2-Exp 在 V3.1-Terminus 的基础上引入了 DeepSeek Sparse Attention（一种稀疏注意力机制），针对长文本的训练和推理效率进行了探索性的优化和验证。,对话,按量计费,,,
deepseek-v3.2-exp-thinking,DeepSeek,1,1.5,,/M输出,¥,,,按量计费,,,
deepseek-v3.2-speciale,DeepSeek,1,1.5,,/M输出,¥,,,按量计费,,,
deepseek-v3.2-thinking,DeepSeek,1,1.5,,/M输出,¥,,,按量计费,,,
Dolphin3.0-R1-Mistral-24B,Mistral,0.729,1.457,,/M输出,¥,Mistral Large 是 Mistral AI 的旗舰模型，具备顶级的推理能力 。它在复杂的多语言推理任务中表现出色，包括文本理解、转换和代码生成 。,对话,按量计费,,,
doubao-seed-1-6-250615,Doubao,0.6,6,,/M输出,¥,全能综合型模型，是全能型的综合模型，也是国内首个支持 256K上下文的思考模型。模型具备深度思考、多模态理解及图形界面操作等多项能力。用户根据需求灵活选择开启或关闭深度思考功能，支持自适应思考模式，自适应模式根据提示词的难度自动判断是否开启深度思考，在提升效果的同时，大幅减少 tokens 的消耗。,"对话, 思考, 多模态",按量计费,,,
doubao-seed-1-6-251015,Doubao,0.6,6,,/M输出,¥,支持调节思考长度，即支持API中的reasoning_effort 字段，分为minimal、low、medium、high四种模式。可以压缩整体输出长度，平衡客户在不同场景下对效果、时延、成本的需求。,"对话, 识图, 思考",按量计费,,,
doubao-seed-1-6-thinking-250615,Doubao,0.6,6,,/M输出,¥,深度思考强化版，是豆包大模型 1.6 系列中专注于深度思考的强化版本。模型在代码编写、数学计算、逻辑推理等基础能力上进行进一步提升，能处理更复杂的任务。同时支持 256K的上下文，能理解和生成更长的文本内容，适合需要深度分析和复杂推理的场景。,"对话, 思考, 多模态",按量计费,,,
doubao-seed-1-6-thinking-250715,Doubao,0.6,6,,/M输出,¥,在思考能力上进行了大幅强化， 对比 doubao 1.5 代深度理解模型，在编程、数学、逻辑推理等基础能力上进一步提升， 支持视觉理解。,"对话, 多模态",按量计费,,,
doubao-seed-1-6-vision-250815,Doubao,1.2,9.6,,/M输出,¥,Doubao-Seed-1.6-vision 视觉深度思考模型，在教育、图像审核、巡检与安防和AI 搜索问答等场景下展现出更强的通用多模态理解和推理能力。支持 256k 上下文窗口，输出长度支持最大 64k tokens。,"对话, 多模态",按量计费,,,
doubao-seedance-1-0-lite-i2v-250428,Doubao,,,7.5,,¥,Seedance 1.0 lite 具备强大的语义理解与指令遵循能力，可精细控制人物外貌气质、衣着风格、表情动作，在多主体动作解析、嵌入式文本响应、程度副词和镜头切换响应方面，也展现出了绝对优势。运镜能力强，支持环绕、航拍、变焦、平移、跟随、手持等多种镜头语言。生成的视频兼容多种风格，具备细腻高清的基础画质和影视级美感。,"异步, 视频生成",,,,
doubao-seedance-1-0-lite-t2v-250428,Doubao,,,7.5,,¥,Seedance 1.0 lite 具备强大的语义理解与指令遵循能力，可精细控制人物外貌气质、衣着风格、表情动作，在多主体动作解析、嵌入式文本响应、程度副词和镜头切换响应方面，也展现出了绝对优势。运镜能力强，支持环绕、航拍、变焦、平移、跟随、手持等多种镜头语言。生成的视频兼容多种风格，具备细腻高清的基础画质和影视级美感。,"异步, 视频生成",,,,
doubao-seedance-1-0-pro-250528,Doubao,,,11.25,,¥,Seedance 1.0 是字节跳动豆包大模型团队最新推出的视频生成基础模型。Seedance 1.0 pro作为该模型系列的大参数量版本，具备独特的多镜头叙事能力，在各维度表现出色。它在语义理解与指令遵循能力上取得突破，能生成运动流畅、细节丰富、风格多样且具备影视级美感的 1080P 高清视频,"异步, 视频生成",,,,
doubao-seedance-1-0-pro-fast-251015,Doubao,,,3.15,,¥,Seedance 1.0 pro fast是一款价格触底、效能封顶的全面模型，在视频生成质量、速度、价格之间取得了卓越平衡。它继承了Seedance 1.0 pro 核心优势，同时生成速度提升、价格更具竞争力，为创作者带来效率与成本双重优化的体验,"视频生成, 异步",,,,
doubao-seededit-3-0-i2i-250628,Doubao,,,0.05,,¥,"豆包新出的图片编辑模型,效果很不错","绘画, dall-e-3格式",按次计费,,,
doubao-seedream-3-0-t2i-250415,Doubao,,,0.05,,¥,Seedream 3.0 是一款支持原生高分辨率的中英双语图像生成基础模型，综合能力媲美GPT-4o，处于世界第一梯队。响应速度更快；小字生成更准确，文本排版效果增强；指令遵循能力强，美感&结构提升，保真度和细节表现较好。,"绘画, dall-e-3格式",按次计费,,,
doubao-seedream-4-0-250828,Doubao,,,0.12,,¥,Seedream 4.0 是字节跳动推出的多模态图像生成模型，该模型在统一框架内集成了文生图、图像编辑及多图组合生成的能力：支持单次输入最多 10 张图像及进行复合编辑，并能通过对提示词的深度推理，自动适配最优的图像比例尺寸与生成数量，可一次性输出最多 15 张内容关联的图像。此外，模型显著提升了中文生成的准确率与内容多样性，且支持 4K 超高清输出，为专业图像创作提供了从生成到编辑的一站式解决方案。,"绘画, dall-e-3格式",按张计费,,,
doubao-seedream-4-5-251128,Doubao,,,0.12,,¥,,,按次计费,,,
Embedding-V1,Wenxin,0.25,0.25,,/M输出,¥,Embedding-V1是基于百度文心大模型技术的文本表示模型，将文本转化为用数值表示的向量形式，用于文本检索、信息推荐、知识挖掘等场景。,"向量, 文本嵌入",按量计费,,,
ERNIE-3.5-8K,Wenxin,1.857,1.857,,/M输出,¥,ERNIE 3.5是百度自研的旗舰级大规模⼤语⾔模型，覆盖海量中英文语料，具有强大的通用能力，可满足绝大部分对话问答、创作生成、插件应用场景要求；，保障问答信息时效。,对话,按量计费,,,
ERNIE-4.0-8K,Wenxin,16.572,16.572,,/M输出,¥,百度文心系列中效果最强大的⼤语⾔模型，理解、生成、逻辑、记忆能力达到业界顶尖水平。,对话,按量计费,,,
ERNIE-Character-8K,Wenxin,0.486,0.972,,/M输出,¥,,对话,按量计费,,,
ERNIE-Functions-8K,Wenxin,0.486,0.972,,/M输出,¥,,对话,按量计费,,,
ERNIE-Lite-8K,Wenxin,0.414,0.829,,/M输出,¥,,对话,按量计费,,,
ERNIE-Speed-128K,Wenxin,0.486,0.972,,/M输出,¥,百度自研的轻量级大语言模型，兼顾优异的模型效果与推理性能，适合低算力AI加速卡推理使用,对话,按量计费,,,
ERNIE-Speed-8K,Wenxin,0.486,0.972,,/M输出,¥,百度自研的轻量级大语言模型，兼顾优异的模型效果与推理性能，适合低算力AI加速卡推理使用,对话,按量计费,,,
ERNIE-Tiny-8K,Wenxin,0.141,0.141,,/M输出,¥,,对话,按量计费,,,
fal-ai/bytedance/seedream/v4/edit,Fal,,,0.18,,¥,新一代图像创作模型字节跳动，Seedream 4.0将图像生成和图像编辑功能集成到单一统一的架构中。,"绘画, 异步",按张计费,,,
fal-ai/bytedance/seedream/v4/text-to-image,Fal,,,0.18,,¥,新一代图像创作模型字节跳动，Seedream 4.0将图像生成和图像编辑功能集成到单一统一的架构中。,"绘画, 异步",按张计费,,,
fal-ai/flux-1/dev,Fal,,,0.15,,¥,来自Fal.ai的flux绘图模型,"绘画, 异步",按张计费,,,
fal-ai/flux-1/dev/image-to-image,Fal,,,0.15,,¥,FLUX.1 Image-to-Image 是 FLUX.1 [dev] 模型的高性能端点，它能够快速转换现有图像，并通过核心 FLUX 功能提供高质量的风格转换和图像修改。,"绘画, 异步",按张计费,,,
fal-ai/flux-1/dev/redux,Fal,,,0.15,,¥,来自Fal.ai的fal-ai/flux-1/dev/redux,"绘画, 异步",按张计费,,,
fal-ai/flux-1/schnell,Fal,,,0.018,,¥,来自Fal.ai的fal-ai/flux-1/schnell,"绘画, 异步",按次计费,,,
fal-ai/flux-1/schnell/redux,Fal,,,0.018,,¥,来自FaI.ai的fal-ai/flux-1/schnell/redux,"绘画, 异步",按张计费,,,
fal-ai/flux-lora,Fal,,,0.21,,¥,支持 LoRA 的 FLUX.1 [dev] 模型的超快速端点，可使用预先训练的 LoRA 适配功能快速生成高质量的图像，以实现个性化、特定风格、品牌标识和特定产品的输出。,"绘画, 异步",按像素计费,,,
fal-ai/flux-pro/kontext,Fal,,,0.24,,¥,来自FaI.ai的fal-ai/flux-pro/kontext,"绘画, 异步",按张计费,,,
fal-ai/flux-pro/kontext/max,Fal,,,0.48,,¥,来自FaI.ai的fal-ai/flux-pro/kontext/max,"绘画, 异步",按张计费,,,
fal-ai/flux-pro/kontext/max/multi,Fal,,,0.48,,¥,来自FaI.ai的fal-ai/flux-pro/kontext/max/multi,"绘画, 异步",按张计费,,,
fal-ai/flux-pro/kontext/max/text-to-image,Fal,,,0.48,,¥,来自FaI.ai的fal-ai/flux-pro/kontext/max/text-to-image,"绘画, 异步",按次计费,,,
fal-ai/flux-pro/kontext/multi,Fal,,,0.24,,¥,来自FaI.ai的fal-ai/flux-pro/kontext/multi,"绘画, 异步",按次计费,,,
fal-ai/flux-pro/kontext/text-to-image,Fal,,,0.24,,¥,来自FaI.ai的fal-ai/flux-pro/kontext/text-to-image,"绘画, 异步",按张计费,,,
fal-ai/nano-banana,Fal,,,0.234,,¥,Nano Banana是 Google 上最先进的 AI 图像编辑器。 用自然语言理解彻底改变您的照片编辑方式 使用简单的文字提示编辑图像。 Nano Banana AI 像图像版 GPT 一样理解复杂指令 在编辑过程中保持完美的角色细节。 这个模型在保留面部和身份特征方面表现卓越 无缝融合编辑内容与原始背景。 场景融合能力优于 Flux Kontext 一次尝试就能获得完美效果。,"绘画, 异步",按张计费,,,
fal-ai/nano-banana/edit,Fal,,,0.234,,¥,来自FaI.ai的nano-banana图片编辑模型,"绘画, 异步",按张计费,,,
fal-ai/qwen-image,Fal,112.5,112.5,,/M输出,¥,来自fal-ai的qwen-image,"绘画, 异步",按量计费,,,
fal-ai/qwen-image-edit,Fal,112.5,112.5,,/M输出,¥,来自fal-ai的qwen-image-edit,"绘画, 异步",按量计费,,,
fal-ai/recraft/v3/text-to-image,Fal,112.5,112.5,,/M输出,¥,,"异步, 绘画",按量计费,,,
fal-ai/recraft/vectorize,Fal,112.5,112.5,,/M输出,¥,来自fal-ai的recraft/vectorize，图像矢量化模型,"异步, 绘画",按量计费,,,
flux-dev,Flux,,,0.04,,¥,"Flux AI 文生图模型开发版本，用于测试新功能和实验性特性,dalle3格式请求","绘画, dall-e-3格式",按次计费,,,
flux-kontext-apps/multi-image-kontext-max,Replicate,,,0.3,,¥,一个可以组合两个输入图像的实验性 FLUX Kontext Max 模型,"绘画, 异步",按次计费,,,
flux-kontext-apps/multi-image-kontext-pro,Replicate,,,0.15,,¥,使用 FLUX Kontext Pro 的实验模型，可以组合两个输入图像,"绘画, 异步",按次计费,,,
flux-kontext-max,Flux,,,0.24,,¥,Flux AI 文生图模型，效果堪比 Midjourney，碾压 StableDiffusion,"绘画, dall-e-3格式",按次计费,,,
flux-kontext-pro,Flux,,,0.12,,¥,Flux AI 文生图模型，效果堪比 Midjourney，碾压 StableDiffusion,"绘画, dall-e-3格式",按次计费,,,
flux-pro,Flux,,,0.075,,¥,Flux AI 文生图模型，效果堪比 Midjourney，碾压 StableDiffusion；,"绘画, dall-e-3格式",按次计费,,,
flux-pro-1.1-ultra,Flux,,,0.25,,¥,Flux 1.1 Pro Ultra是一款先进的 AI 图像生成器，擅长生成高分辨率输出和快速图像创建。专为数字艺术家、营销人员和创意专业人士设计，这款工具提供了卓越的质量和效率。,"绘画, dall-e-3格式",按次计费,,,
flux-pro-max,Flux,,,0.15,,¥,Flux AI 旗舰版文生图模型，提供最高质量的图像生成效果,"绘画, dall-e-3格式",按次计费,,,
flux-schnell,Flux,,,0.025,,¥,"Flux AI 快速生成模型，生成速度更快但质量略低,dalle3格式请求","绘画, dall-e-3格式",按次计费,,,
flux.1-dev,Flux,,,0.037,,¥,Flux AI 文生图模型，效果堪比 Midjourney，碾压 StableDiffusion,"绘画, dall-e-3格式",按次计费,,,
flux.1-kontext-dev,Flux,,,0.03,,¥,Flux AI 文生图模型，效果堪比 Midjourney，碾压 StableDiffusion,"绘画, dall-e-3格式",按次计费,,,
flux.1-kontext-pro,Flux,,,0.06,,¥,Flux AI 文生图模型，效果堪比 Midjourney，碾压 StableDiffusion,"绘画, dall-e-3格式",按次计费,,,
flux.1.1-pro,Flux,,,0.15,,¥,"Flux AI 文生图模型，效果堪比 Midjourney，碾压 StableDiffusion；生成图片接口,dalle3格式请求","绘画, dall-e-3格式",按次计费,,,
gemini-2.0-flash,Gemini,0.03,0.12,,/M输出,¥,谷歌2.0最新推出模型，该模型在多模态 AI 功能方面优于最先进的 (O1) 模型,"对话, 识图",按量计费,,,
gemini-2.0-flash-001,Gemini,0.045,0.18,,/M输出,¥,谷歌2.0最新推出模型，该模型在多模态 AI 功能方面优于最先进的 (O1) 模型,"对话, 识图",按量计费,,,
gemini-2.0-flash-exp,Gemini,0.05,0.2,,/M输出,¥,谷歌2.0最新推出模型，该模型在多模态 AI 功能方面优于最先进的 (O1) 模型,"对话, 识图",按量计费,,,
gemini-2.0-flash-lite,Gemini,0.022,0.09,,/M输出,¥,gemini-2.0-flash-lite 是gemini 2.0 精简版模型,"对话, 识图",按量计费,,,
gemini-2.0-flash-lite-001,Gemini,0.022,0.09,,/M输出,¥,gemini-2.0-flash-lite 是gemini 2.0 精简版模型,"对话, 识图",按量计费,,,
gemini-2.0-flash-preview-image-generation,Gemini,,,0.012,,¥,Gemini 2.0 Flash模型是 Google 生成式 AI 产品的一部分，它提供了包括图像生成在内的多模态内容生成高级功能。该 API 允许开发者根据文本提示以编程方式创建图像，使其成为将 AI 驱动的图像生成集成到应用程序中的强大工具。,绘画,按次计费,,,
gemini-2.5-flash,Gemini,0.09,0.751,,/M输出,¥,Gemini 2.5 Flash 是由 google-vertex 提供的人工智能模型。,"对话, 识图, 思考, -thinking, -nothinking",按量计费,,,
gemini-2.5-flash-all,Gemini,0.21,1.68,,/M输出,¥,多模态版本的 gemini 模型，支持文件，视频，图片等分析，支持画图，支持实时联网,"联网, 多模态, 对话",按量计费,,,
gemini-2.5-flash-deepsearch,Gemini,,,0.315,,¥,据说是比 openai 和 grok 的都好用的深度搜索模型,"联网, 对话, 思考",按次计费,,,
gemini-2.5-flash-image,Gemini,,,0.045,,¥,我们的标准模型已升级，具备图像生成和对话式多轮编辑功能，专为快速创意工作流程而优化。,绘画,按次计费,,,
gemini-2.5-flash-image-preview,Gemini,,,0.045,,¥,我们的标准模型已升级，具备图像生成和对话式多轮编辑功能，专为快速创意工作流程而优化。,绘画,按次计费,,,
gemini-2.5-flash-lite,Gemini,0.03,0.12,,/M输出,¥,Gemini 2.5 Flash Lite 是由 google-vertex 提供的人工智能模型。,"对话, 识图, 思考, -thinking, -nothinking",按量计费,,,
gemini-2.5-flash-lite-nothinking,Gemini,0.03,0.12,,/M输出,¥,Gemini 2.5 Flash Lite 是由 google-vertex 提供的人工智能模型。,"对话, 识图",按量计费,,,
gemini-2.5-flash-lite-preview-06-17,Gemini,0.03,0.12,,/M输出,¥,Gemini 2.5 Flash Lite Preview 06-17 是由 google-vertex 提供的人工智能模型。,"对话, 识图, 思考, -thinking, -nothinking",按量计费,,,
gemini-2.5-flash-lite-preview-06-17-nothinking,Gemini,0.03,0.12,,/M输出,¥,Gemini 2.5 Flash Lite 是由 google-vertex 提供的人工智能模型。,"对话, 识图",按量计费,,,
gemini-2.5-flash-lite-preview-06-17-thinking,Gemini,0.03,0.12,,/M输出,¥,Gemini 2.5 Flash Lite 是由 google-vertex 提供的人工智能模型。,"对话, 识图, 思考",按量计费,,,
gemini-2.5-flash-lite-preview-09-2025,Gemini,0.03,0.12,,/M输出,¥,Gemini 2.5 Flash-Lite-Preview-09-2025 是 Gemini 模型家族中专注于超低延迟、高并发和最高性价比的一个子模型。它是为那些对延迟和成本有极其严格要求的任务而设计。,"对话, 识图, -thinking, -nothinking, -thinking-*",按量计费,,,
gemini-2.5-flash-lite-thinking,Gemini,0.03,0.12,,/M输出,¥,Gemini 2.5 Flash Lite 是由 google-vertex 提供的人工智能模型。,"对话, 识图, 思考",按量计费,,,
gemini-2.5-flash-nothinking,Gemini,0.09,0.751,,/M输出,¥,,,按量计费,,,
gemini-2.5-flash-preview-09-2025,Gemini,0.09,0.751,,/M输出,¥,Gemini 2.5 Flash 09-2025 是 Google 推出的 Gemini 2.5 Flash 模型的最新公开预览版本，它专注于在保持高效低成本的同时，显著提升模型的智能和应用能力。,"对话, 识图, -thinking, -nothinking, -thinking-*",按量计费,,,
gemini-2.5-flash-preview-09-2025-nothinking,Gemini,0.09,0.751,,/M输出,¥,,,按量计费,,,
gemini-2.5-flash-preview-09-2025-thinking,Gemini,0.09,0.751,,/M输出,¥,,,按量计费,,,
gemini-2.5-flash-preview-09-2025-thinking-*,Gemini,0.09,0.751,,/M输出,¥,,,按量计费,,,
gemini-2.5-flash-thinking,Gemini,0.09,0.751,,/M输出,¥,,,按量计费,,,
gemini-2.5-flash-thinking-*,Gemini,0.09,0.751,,/M输出,¥,,,按量计费,,,
gemini-2.5-pro,Gemini,0.375,3,,/M输出,¥,Gemini 2.5 Pro 是谷歌推出的最新 AI 模型迄今为止最先进的型号，擅长编码和复杂提示。通过“深度思考”，能在回应前进行推理，提升性能和准确性。模型在多个基准测试中表现卓越，在推理和代码生成方面，在 LMArena 排行榜上位居第一。支持文本、图像、音频、视频及代码的多模态输入。,"对话, 识图, 思考, -thinking, -thinking-*",按量计费,,,
gemini-2.5-pro-all,Gemini,1.75,14,,/M输出,¥,gemini-2.5-pro-all 多模态版本的 gemini 模型，支持文件，视频，图片等分析，支持画图，支持实时联网,"联网, 多模态, 对话",按量计费,,,
gemini-2.5-pro-deepsearch,Gemini,,,0.63,,¥,gemini-2.5-pro-deepsearch据说是比 openai 和 grok 的都好用的深度搜索模型,"联网, 对话, 思考",按次计费,,,
gemini-2.5-pro-nothinking,Gemini,0.375,3,,/M输出,¥,,,按量计费,,,
gemini-2.5-pro-thinking,Gemini,0.375,3,,/M输出,¥,,,按量计费,,,
gemini-2.5-pro-thinking-*,Gemini,0.375,3,,/M输出,¥,,,按量计费,,,
gemini-flash-latest,Gemini,0.09,0.751,,/M输出,¥,Gemini Flash Latest 是由 google-vertex 提供的人工智能模型。,"对话, 识图, -thinking, -nothinking, -thinking-*",按量计费,,,
gemini-flash-latest-nothinking,Gemini,0.09,0.751,,/M输出,¥,,,按量计费,,,
gemini-flash-latest-thinking,Gemini,0.09,0.751,,/M输出,¥,,,按量计费,,,
gemini-flash-latest-thinking-*,Gemini,0.09,0.751,,/M输出,¥,,,按量计费,,,
gemini-flash-lite-latest,Gemini,0.03,0.12,,/M输出,¥,官方指向gemini-2.5-flash-lite-preview-09-2025,"对话, 识图, -thinking, -nothinking, -thinking-*",按量计费,,,
gemini-flash-lite-latest-nothinking,Gemini,0.03,0.12,,/M输出,¥,,,按量计费,,,
gemini-flash-lite-latest-thinking,Gemini,0.03,0.12,,/M输出,¥,,,按量计费,,,
gemini-flash-lite-latest-thinking-*,Gemini,0.03,0.12,,/M输出,¥,,,按量计费,,,
gemini-pro-latest,Gemini,0.375,3,,/M输出,¥,Gemini Pro 是 Google AI 的最新模型，在 2025 年 9 月 26 日 发布了最新指南。它被称为最先进的模型，具备强大的推理和编码能力，适用于复杂任务。,"对话, 识图, -thinking, -nothinking, -thinking-*",按量计费,,,
gemini-pro-latest-thinking,Gemini,0.375,3,,/M输出,¥,,,按量计费,,,
gemini-pro-latest-thinking-*,Gemini,0.375,3,,/M输出,¥,,,按量计费,,,
gemma-2b-it,Gemini,1,1,,/M输出,¥,"gemma 是由 Google 推出的一系列轻量级先进的开源模型，基于 Google Gemini 模型的研究和技术而构建。它们是一系列text generation，decoder-only的大型语言模型,对英文的支持较好，具有模型权重开源。",对话,按量计费,,,
gemma-7b-it,Gemini,1,1,,/M输出,¥,"gemma 是由 Google 推出的一系列轻量级先进的开源模型，基于 Google Gemini 模型的研究和技术而构建。它们是一系列text generation，decoder-only的大型语言模型,对英文的支持较好，具有模型权重开源。",对话,按量计费,,,
glm-3-turbo,ChatGLM,0.75,0.75,,/M输出,¥,智谱AI通用大模型，适用于对知识量、推理能力、创造力要求较高的场景，比如广告文案、小说写作、知识类写作、代码生成等,对话,按量计费,,,
glm-4,ChatGLM,0.09,0.36,,/M输出,¥,"智谱AI通用大模型，提供了更强大的问答和文本生成能力。适合于复杂的对话交互和深度内容创作设计的场景.
旧版旗舰：发布于2024年1月16日，目前已被GLM-4-0520取代",对话,按量计费,,,
glm-4-air,ChatGLM,0.15,0.15,,/M输出,¥,高性价比：推理能力和价格之间最平衡的模型，上下文128K，最大输出4K,对话,按量计费,,,
glm-4-airx,ChatGLM,0.09,0.36,,/M输出,¥,极速推理：具有超快的推理速度和强大的推理效果，上下文8K，最大输出4K,对话,按量计费,,,
glm-4-flash,ChatGLM,0.09,0.36,,/M输出,¥,"免费调用：智谱AI首个免费API，零成本调用大模型。	上下文128K，最大输出4K",对话,按量计费,,,
glm-4-long,ChatGLM,0.09,0.36,,/M输出,¥,超长输入：专为处理超长文本和记忆型任务设计，上下文1M，最大输出4K,对话,按量计费,,,
glm-4.5,ChatGLM,0.48,1.92,,/M输出,¥,GLM-4.5 和 GLM-4.5-Air 是最新的旗舰模型系列，专为智能体应用打造的基础模型。GLM-4.5 和 GLM-4.5-Air 均使用了混合专家（Mixture-of-Experts）架构。GLM-4.5 总参数达 3550 亿，激活参数为 320 亿； GLM-4.5-Air 采用更精简的设计，总参数为 1060 亿，激活参数为 120 亿。,"对话, 思考, 工具",按量计费,,,
glm-4.5-air,ChatGLM,0.3,1.2,,/M输出,¥,GLM-4.5 和 GLM-4.5-Air 是最新的旗舰模型系列，专为智能体应用打造的基础模型。GLM-4.5 和 GLM-4.5-Air 均使用了混合专家（Mixture-of-Experts）架构。GLM-4.5 总参数达 3550 亿，激活参数为 320 亿； GLM-4.5-Air 采用更精简的设计，总参数为 1060 亿，激活参数为 120 亿。,"对话, 思考",按量计费,,,
glm-4.5-airx,ChatGLM,2,8,,/M输出,¥,GLM-4.5 和 GLM-4.5-Air 是最新的旗舰模型系列，专为智能体应用打造的基础模型。GLM-4.5 和 GLM-4.5-Air 均使用了混合专家（Mixture-of-Experts）架构。GLM-4.5 总参数达 3550 亿，激活参数为 320 亿； GLM-4.5-Air 采用更精简的设计，总参数为 1060 亿，激活参数为 120 亿。,"对话, 思考",按量计费,,,
glm-4.5-flash,ChatGLM,0.01,0.04,,/M输出,¥,GLM-4.5 和 GLM-4.5-Air 是最新的旗舰模型系列，专为智能体应用打造的基础模型。GLM-4.5 和 GLM-4.5-Air 均使用了混合专家（Mixture-of-Experts）架构。GLM-4.5 总参数达 3550 亿，激活参数为 320 亿； GLM-4.5-Air 采用更精简的设计，总参数为 1060 亿，激活参数为 120 亿。,"对话, 思考",按量计费,,,
glm-4.5-x,ChatGLM,0.8,3.2,,/M输出,¥,GLM-4.5 和 GLM-4.5-Air 是最新的旗舰模型系列，专为智能体应用打造的基础模型。GLM-4.5 和 GLM-4.5-Air 均使用了混合专家（Mixture-of-Experts）架构。GLM-4.5 总参数达 3550 亿，激活参数为 320 亿； GLM-4.5-Air 采用更精简的设计，总参数为 1060 亿，激活参数为 120 亿。,"对话, 思考",按量计费,,,
glm-4.6,ChatGLM,0.48,1.92,,/M输出,¥,GLM-4.6 是由 zhipuai-coding-plan 提供的人工智能模型。,对话,按量计费,,,
glm-4.6-thinking,ChatGLM,0.48,1.92,,/M输出,¥,GLM-4.6 是智谱最新的旗舰模型，其总参数量 355B，激活参数 32B。GLM-4.6 所有核心能力上均完成了对 GLM-4.5 的超越，在公开基准与真实编程任务中，GLM-4.6 的代码能力对齐 Claude Sonnet 4，是国内已知的最好的 Coding 模型。,"对话, 思考",按量计费,,,
google/imagen-4,Replicate,,,0.15,,¥,谷歌的 Image 4 画图旗舰机型,"绘画, 异步",按次计费,,,
google/imagen-4-fast,Replicate,,,0.075,,¥,当速度和成本比质量更重要时，请使用这个快速版本的 Imagen 4,"绘画, 异步",按次计费,,,
google/imagen-4-ultra,Replicate,,,0.225,,¥,当质量比速度和成本更重要时，请使用此 Imagen 4 的 ultra 版本,"绘画, 异步",按次计费,,,
gpt-4,OpenAI,9,18,,/M输出,¥,纯官方GPT4系列，系列模型支持function_call,对话,按量计费,,,
gpt-4-0125-preview,OpenAI,3,6,,/M输出,¥,<div>最新gpt-4-0125-preview，gpt-4-1106-preview 的升级版，更强的代码生成能力，减少模型「懒惰」现象，修复非英语 UTF-8 生成的问题</div>,"对话, 弃用",按量计费,,,
gpt-4-0613,OpenAI,9,18,,/M输出,¥,纯官方GPT4系列，0613系列模型支持function_call,对话,按量计费,,,
gpt-4-1106-preview,OpenAI,3,6,,/M输出,¥,<div>最新gpt-4-1106-preview，也就是gpt-4-turbo，比gpt-4便宜67%，支持128k上下文，支持tools，知识截止日期2023年4月</div>,"对话, 弃用",按量计费,,,
gpt-4-32k,OpenAI,18,36,,/M输出,¥,纯官方GPT4 32K系列,对话,按量计费,,,
gpt-4-32k-0613,OpenAI,18,36,,/M输出,¥,"OpenAI GPT-4的32K上下文窗口版本,2023年6月13日更新",对话,按量计费,,,
gpt-4-32K-0613,OpenAI,112.5,225,,/M输出,¥,,,按量计费,,,
gpt-4-all,OpenAI,12,24,,/M输出,¥,"<div>GPT All模型, 集合官方GPT-4、联网、读图、绘图功能、code interpreter一体，文件链接可放 prompt 任意位置<br />
			  （模型名称：gpt-4-all）</div>","多模态, 联网, 对话",按量计费,,,
gpt-4-gizmo-*,OpenAI,15,75,,/M输出,¥,"<div>可调用官网全部GPTs<br />
			  需要获取gpts的id，model: gpt-4-gizmo-(gizmo_id)<br />
			  gizmo_id 获取方式：
			  gizmo_id创建 gpts 之后，分享链接中能看到 g-xxxx，例如：gpt-4-gizmo-g-123456<br />
			  也可前往<a href=""https://www.glbai.com/"">GPTs商店</a> 搜索您想要的Gpts，复制gizmo_id<br />
			  （模型名称：gpt-4-gizmo-g-bo0FiWLY7）</div>","对话, GPTS",按量计费,,,
gpt-4-turbo,OpenAI,3,9,,/M输出,¥,<div>GPT-4 Turbo with Vision 是最新一代的型号。它功能更强大，更新了 2023 年 4 月的知识截止时间，并引入了 128k 上下文窗口，接受文本或图像输入并输出文本，它可以比我们以前的任何模型更准确地解决难题，1106系列以上模型支持tool_calls和function_call</div>,对话,按量计费,,,
gpt-4-turbo-2024-04-09,OpenAI,3,9,,/M输出,¥,<div>GPT-4 Turbo with Vision 是最新一代的型号。它功能更强大，更新了 2023 年 4 月的知识截止时间，并引入了 128k 上下文窗口，接受文本或图像输入并输出文本，它可以比我们以前的任何模型更准确地解决难题</div>,对话,按量计费,,,
gpt-4-turbo-preview,OpenAI,3,9,,/M输出,¥,<div>gpt-4-turbo-preview 升级版，更强的代码生成能力，减少模型「懒惰」现象，修复非英语 UTF-8 生成的问题</div>,对话,按量计费,,,
gpt-4-vision-preview,OpenAI,3,6,,/M输出,¥,<div>vision preview 需要根据官方文档修改代码</div>,"识图, 弃用",按量计费,,,
gpt-4.1,OpenAI,0.6,2.4,,/M输出,¥,GPT-4.1 是由 openai 提供的人工智能模型。,"工具, 对话, 识图",按量计费,,,
gpt-4.1-2025-04-14,OpenAI,0.6,2.4,,/M输出,¥,GPT-4.1-2025-04-14：OpenAI旗舰模型，编程能力强，百万token上下文窗口,"对话, 识图",按量计费,,,
gpt-4.1-mini,OpenAI,0.12,0.48,,/M输出,¥,GPT-4.1 mini 是由 openai 提供的人工智能模型。,"工具, 对话, 识图",按量计费,,,
gpt-4.1-mini-2025-04-14,OpenAI,0.12,0.48,,/M输出,¥,GPT-4.1-mini-2025-04-14：性价比高，中等规模，价格较旗舰版便宜,"对话, 识图",按量计费,,,
gpt-4.1-nano,OpenAI,0.03,0.12,,/M输出,¥,GPT-4.1 nano 是由 openai 提供的人工智能模型。,"工具, 对话, 识图",按量计费,,,
gpt-4.1-nano-2025-04-14,OpenAI,0.03,0.12,,/M输出,¥,GPT-4.1-nano-2025-04-14：OpenAI最小最快最便宜模型，适合轻量任务,"对话, 识图",按量计费,,,
gpt-4.5-preview,OpenAI,22.5,45,,/M输出,¥,openai最新模型，gpt-4.5,"对话, 识图",按量计费,,,
gpt-4.5-preview-2025-02-27,OpenAI,22.5,45,,/M输出,¥,openai最新模型，gpt-4.5,"对话, 识图",按量计费,,,
gpt-4o,OpenAI,0.75,3,,/M输出,¥,GPT-4o 是由 openai 提供的人工智能模型。,"对话, 识图",按量计费,,,
gpt-4o-2024-05-13,OpenAI,1.5,4.5,,/M输出,¥,<div>GPT-4o 是 OpenAI 最先进的多模式模型，比 GPT-4 Turbo 更快、更便宜，具有更强的视觉功能。该模型具有 128K 上下文和 2023 年 10 月的知识截止点。1106系列以上模型支持tool_calls和function_call</div>,"对话, 识图",按量计费,,,
gpt-4o-2024-08-06,OpenAI,0.75,3,,/M输出,¥,<div>gpt-4o-2024-08-06。该模型具有 128K 上下文，每次请求最多可输出16K标记和 2023 年 10 月的知识截止点，支持更严格的json格式化输出，推理能力更强。1106系列以上模型支持tool_calls和function_call</div>,"对话, 识图",按量计费,,,
gpt-4o-2024-11-20,OpenAI,0.75,3,,/M输出,¥,GPT-4O 是 OpenAI 最新发布的语言模型，具有更高的理解和生成能力。它在自然语言处理的多个领域表现出色，包括对话生成、文本摘要和信息检索。GPT-4O 集成了更先进的技术，能够理解更复杂的上下文，并生成更连贯和相关的回答。该模型还加强了对专业领域内容的理解，支持多种语言和风格，提升了用户体验。其目标是为用户提供更准确和实用的语言交互。,"对话, 识图",按量计费,,,
gpt-4o-all,OpenAI,2.5,10,,/M输出,¥,"<div>GPT All模型, 集合官方GPT-4o、联网、读图、绘图功能、code interpreter一体，文件链接可放 prompt 任意位置<br />
			  （模型名称：gpt-4o-all）</div>","对话, 联网, 多模态",按量计费,,,
gpt-4o-audio-preview,OpenAI,0.75,3,,/M输出,¥,"Audio API 可让开发者构建语音转文本和文本转语音功能。支持多种语言的语音识别和生成,适用于构建语音助手、语音转录等应用。","对话, 音频",按量计费,,,
gpt-4o-audio-preview-2024-10-01,OpenAI,0.75,3,,/M输出,¥,"Audio API 可让开发者构建语音转文本和文本转语音功能。支持多种语言的语音识别和生成,适用于构建语音助手、语音转录等应用。","对话, 音频",按量计费,,,
gpt-4o-audio-preview-2024-12-17,OpenAI,0.744,2.976,,/M输出,¥,"Audio API 可让开发者构建语音转文本和文本转语音功能。支持多种语言的语音识别和生成,适用于构建语音助手、语音转录等应用。","对话, 音频",按量计费,,,
gpt-4o-audio-preview-2025-06-03,OpenAI,7.5,30,,/M输出,¥,"Audio API 可让开发者构建语音转文本和文本转语音功能。支持多种语言的语音识别和生成,适用于构建语音助手、语音转录等应用。","对话, 音频",按量计费,,,
gpt-4o-image-vip,OpenAI,,,0.0604,,¥,4o系列最新图片生成功能 VIP版本,"绘画, 对话",按次计费,,,
gpt-4o-mini,OpenAI,0.045,0.18,,/M输出,¥,GPT-4o mini 是由 openai 提供的人工智能模型。,"对话, 识图",按量计费,,,
gpt-4o-mini-2024-07-18,OpenAI,0.045,0.18,,/M输出,¥,<div>gpt-4o-mini-2024-07-18 GPT-4o Mini主打的就是便宜好用。该模型具有 128K 上下文，每次请求最多可输出16K标记和 2023 年 10 月的知识截止点。1106系列以上模型支持tool_calls和function_call</div>,"对话, 识图",按量计费,,,
gpt-4o-mini-audio-preview,OpenAI,0.045,0.18,,/M输出,¥,"Audio API 可让开发者构建语音转文本和文本转语音功能。支持多种语言的语音识别和生成,适用于构建语音助手、语音转录等应用。",音频,按量计费,,,
gpt-4o-mini-audio-preview-2024-12-17,OpenAI,0.045,0.18,,/M输出,¥,"Audio API 可让开发者构建语音转文本和文本转语音功能。支持多种语言的语音识别和生成,适用于构建语音助手、语音转录等应用。",音频,按量计费,,,
gpt-4o-mini-realtime-preview,OpenAI,0.18,0.72,,/M输出,¥,,实时语音,按量计费,,,
gpt-4o-mini-realtime-preview-2024-12-17,OpenAI,0.18,0.72,,/M输出,¥,,实时语音,按量计费,,,
gpt-4o-mini-search-preview,OpenAI,0.42,1.68,,/M输出,¥,gpt-4-mini专用搜索模型,"对话, 联网",按量计费,,,
gpt-4o-mini-search-preview-2025-03-11,OpenAI,0.42,1.68,,/M输出,¥,gpt-4-mini专用搜索模型,"对话, 联网",按量计费,,,
gpt-4o-mini-transcribe,OpenAI,0.45,1.8,,/M输出,¥,gpt-4o-mini-transcribe 是最新的轻量版语音转录模型,语音转文本,按量计费,,,
gpt-4o-mini-tts,OpenAI,3.6,14.4,,/M输出,¥,GPT-4o mini TTS 是一个基于 GPT-4o mini 构建的文本转语音模型，具有快速和强大的语言处理能力。使用它可以将文本转换为自然听起来的语音文本。最大输入令牌数为 2000。,文本转语音,按量计费,,,
gpt-4o-realtime-preview,OpenAI,1.5,6,,/M输出,¥,Realtime API 可让开发者构建低延迟、多模式体验，包括语音转语音功能。Realtime API 处理的文本和音频单独定价。,实时语音,按量计费,,,
gpt-4o-realtime-preview-2024-10-01,OpenAI,1.5,6,,/M输出,¥,Realtime API 可让开发者构建低延迟、多模式体验，包括语音转语音功能。Realtime API 处理的文本和音频单独定价。,实时语音,按量计费,,,
gpt-4o-realtime-preview-2024-12-17,OpenAI,1.5,6,,/M输出,¥,,,按量计费,,,
gpt-4o-realtime-preview-2025-06-03,OpenAI,1.5,6,,/M输出,¥,Realtime API 可让开发者构建低延迟、多模式体验，包括语音转语音功能。Realtime API 处理的文本和音频单独定价。,实时语音,按量计费,,,
gpt-4o-search-preview,OpenAI,3.75,15,,/M输出,¥,gpt-4o专用搜索模型,"对话, 联网",按量计费,,,
gpt-4o-search-preview-2025-03-11,OpenAI,1.75,7,,/M输出,¥,gpt-4o专用搜索模型,"对话, 联网",按量计费,,,
gpt-4o-transcribe,OpenAI,0.75,3,,/M输出,¥,gpt-4o-transcribe 是最新的语音识别转录模型,语音转文本,按量计费,,,
gpt-5-chat,OpenAI,22.5,180,,/M输出,¥,,,按量计费,,,
gpt-5-chat-2025-08-07,OpenAI,22.5,180,,/M输出,¥,,,按量计费,,,
gpt-5-pro-2025-10-06,OpenAI,4.5,36,,/M输出,¥,,,按量计费,,,
gpt-5.1-2025-11-13,OpenAI,0.375,3,,/M输出,¥,,,按量计费,,,
gpt-5.1-chat,OpenAI,1.875,15,,/M输出,¥,,对话,按量计费,,,
gpt-5.1-chat-2025-11-13,OpenAI,0.375,3,,/M输出,¥,,,按量计费,,,
gpt-5.1-codex,OpenAI,0.375,3,,/M输出,¥,,对话,按量计费,,,
gpt-5.1-codex-high,OpenAI,0.375,3,,/M输出,¥,,对话,按量计费,,,
gpt-5.1-codex-max,OpenAI,0.375,3,,/M输出,¥,,,按量计费,,,
gpt-5.1-codex-medium,OpenAI,0.375,3,,/M输出,¥,,对话,按量计费,,,
gpt-5.1-codex-mini,OpenAI,2.25,18,,/M输出,¥,,对话,按量计费,,,
gpt-5.1-codex-mini-2025-11-13,OpenAI,0.075,0.6,,/M输出,¥,,,按量计费,,,
gpt-5.1-high,OpenAI,0.375,3,,/M输出,¥,,对话,按量计费,,,
gpt-5.1-low,OpenAI,0.375,3,,/M输出,¥,,对话,按量计费,,,
gpt-5.1-medium,OpenAI,0.375,3,,/M输出,¥,,对话,按量计费,,,
gpt-5.2,OpenAI,0.525,4.2,,/M输出,¥,,"对话, 识图",按量计费,,,
gpt-5.2-2025-12-11,OpenAI,0.525,4.2,,/M输出,¥,,"对话, 识图",按量计费,,,
gpt-5.2-chat,OpenAI,7,56,,/M输出,¥,,,按量计费,,,
gpt-5.2-chat-latest,OpenAI,0.525,4.2,,/M输出,¥,,对话,按量计费,,,
gpt-5.2-pro,OpenAI,6.3,50.4,,/M输出,¥,,"对话, 思考",按量计费,,,
gpt-5.2-pro-2025-12-11,OpenAI,6.3,50.4,,/M输出,¥,,"对话, 思考",按量计费,,,
gpt-audio-2025-08-28,OpenAI,0.75,1.5,,/M输出,¥,gpt-audio 模型是我们首个普遍可用的音频模型。它接受音频输入和输出，并可在聊天补全 REST API 中使用。,音频,按量计费,,,
gpt-image-1,OpenAI,1.5,12,,/M输出,¥,支持/v1/images/generations和 /v1/images/edits所有参数的,"绘画, dall-e-3格式",按量计费,,,
gpt-image-1-all,OpenAI,,,0.04,,¥,支持/v1/images/generations和 /v1/images/edits所有参数计费 的逆向模型,"绘画, dall-e-3格式",按次计费,,,
gpt-oss-120b,OpenAI,0.33,1.32,,/M输出,¥,GPT OSS 120B 是由 vultr 提供的人工智能模型。,对话,按量计费,,,
gpt-oss-20b,OpenAI,0.06,0.24,,/M输出,¥,Gpt-oss-20b 模型在常见基准测试中与 OpenAI o3‑mini 模型取得类似结果。,对话,按量计费,,,
gpt-realtime-2025-08-28,OpenAI,1.2,4.8,,/M输出,¥,这是我们首个通用实时模型，能够通过 WebRTC、WebSocket 或 SIP 连接实时响应音频和文本输入。,实时语音,按量计费,,,
grok-2,Grok,1.5,7.5,,/M输出,¥,Grok 2 是由 xai 提供的人工智能模型。,"对话, 工具",按量计费,,,
grok-2-1212,Grok,1.5,1.5,,/M输出,¥,"Grok-2-1212 是马斯克旗下xAI公司开发的人工智能模型，具备128,000个Token的上下文处理能力，支持函数调用和系统提示，并计划推出多模态版本以处理图像。",对话,按量计费,,,
grok-3,Grok,0.9,4.5,,/M输出,¥,Grok 3 是由 xai 提供的人工智能模型。,对话,按量计费,,,
grok-3-deepsearch,Grok,1,5,,/M输出,¥,grok-3-deepsearch 深度联网搜索模型,"对话, 思考, 联网",按量计费,,,
grok-3-image,Grok,,,0.025,,¥,使用grok3进行生图,绘画,按次计费,,,
grok-3-mini,Grok,0.09,0.15,,/M输出,¥,Grok 3 mini，它代表了高性价比推理能力的新 frontier。Grok 3 的推理能力经由大规模强化学习的锤炼，能够进行数秒到数分钟的思考，纠正错误，探索替代方案，最终提供精准答案。,对话,按量计费,,,
grok-3-reasoner,Grok,1,5,,/M输出,¥,grok-3-reasoning 是grok增强推理能力的模型,"对话, 思考",按量计费,,,
grok-3-reasoning,Grok,1,5,,/M输出,¥,grok-3-reasoning 是grok增强推理能力的模型,"对话, 思考",按量计费,,,
grok-4,Grok,0.9,4.5,,/M输出,¥,Grok 4 模型具备深度推理能力，经过 xAI 的 Colossus 超级计算机训练，承诺提供更强的逻辑推理和文本生成能力。xAI声称是全球最强 AI 模型，在处理学术问题上的表现，已达到博士级别。在实时速度、推理能力和高级视觉等方面成绩突出。,"对话, 识图",按量计费,,,
grok-4-0709,Grok,4.5,22.5,,/M输出,¥,Grok 4 模型具备深度推理能力，经过 xAI 的 Colossus 超级计算机训练，承诺提供更强的逻辑推理和文本生成能力。xAI声称是全球最强 AI 模型，在处理学术问题上的表现，已达到博士级别。在实时速度、推理能力和高级视觉等方面成绩突出。,"对话, 识图",按量计费,,,
grok-4-1-fast-non-reasoning,Grok,0.3,0.75,,/M输出,¥,grok-4-1-fast-non-reasoning是xAI开发的一款 AI 模型，专为在生成响应和执行代理任务时实现最大速度而优化。与它的“推理”对应版本不同，这一变体省去了使用“思考标记”的过程，从而能够针对简单、直白的查询立即提供模式匹配式的答案。,对话,按量计费,,,
grok-4-1-fast-reasoning,Grok,0.3,0.75,,/M输出,¥,Grok 4.1 Fast 是xAI旗下的一款顶尖工具调用模型，拥有 200 万个上下文窗口。它能够以准确且高效的方式推理并执行代理式任务，尤其擅长处理复杂的现实应用场景，如客户支持和金融领域。为充分发挥其最大智能潜力而进行优化。,对话,按量计费,,,
grok-4-fast,Grok,0.1,0.25,,/M输出,¥,grok-4-fast，这是在经济高效推理模型方面的最新进展。,"对话, 识图, 联网",按量计费,,,
grok-4-fast-non-reasoning,Grok,0.06,0.15,,/M输出,¥,Grok 4 Fast (Non-Reasoning) 是由 xai 提供的人工智能模型。,"工具, 多模态, 对话",按量计费,,,
grok-4-fast-reasoning,Grok,0.06,0.15,,/M输出,¥,,"对话, 思考",按量计费,,,
grok-4-image,Grok,,,0.04,,¥,,,按次计费,,,
grok-4.1-fast,Grok,0.2,1.5,,/M输出,¥,,对话,按量计费,,,
grok-video-3,Grok,,,0.1,,¥,,,按次计费,,,
ideogram_describe,Ideogram,,,0.045,,¥,图像转文本,绘画,按次计费,,,
ideogram_edit_V_3_DEFAULT,Ideogram,,,0.225,,¥,使用提供的蒙版和 Ideogram 3.0 同步编辑给定图像。蒙版指示应编辑图像的哪个部分，而提示和所选样式可以进一步指导编辑。快速模式,绘画,按次计费,,,
ideogram_edit_V_3_QUALITY,Ideogram,,,0.338,,¥,使用提供的蒙版和 Ideogram 3.0 同步编辑给定图像。蒙版指示应编辑图像的哪个部分，而提示和所选样式可以进一步指导编辑。极速模式,绘画,按次计费,,,
ideogram_edit_V_3_TURBO,Ideogram,,,0.112,,¥,使用提供的蒙版和 Ideogram 3.0 同步编辑给定图像。蒙版指示应编辑图像的哪个部分，而提示和所选样式可以进一步指导编辑。慢速模式,绘画,按次计费,,,
ideogram_generate_V_1,Ideogram,,,0.338,,¥,文本到图像,绘画,按次计费,,,
ideogram_generate_V_1_TURBO,Ideogram,,,0.09,,¥,文本到图像。Turbo 是一个更快的版本，但提供的图像质量稍低。,绘画,按次计费,,,
ideogram_generate_V_2,Ideogram,,,0.375,,¥,文本到图像,绘画,按次计费,,,
ideogram_generate_V_2_TURBO,Ideogram,,,0.225,,¥,文本到图像。Turbo 是一个更快的版本，但提供的图像质量稍低。,绘画,按次计费,,,
ideogram_generate_V_3_DEFAULT,Ideogram,,,0.225,,¥,使用 Ideogram 3.0 模型，根据给定的提示和可选参数同步生成图像。,绘画,按次计费,,,
ideogram_generate_V_3_QUALITY,Ideogram,,,0.338,,¥,使用 Ideogram 3.0 模型，根据给定的提示和可选参数同步生成图像。极速模式,绘画,按次计费,,,
ideogram_generate_V_3_TURBO,Ideogram,,,0.112,,¥,使用 Ideogram 3.0 模型，根据给定的提示和可选参数同步生成图像。慢速模式,绘画,按次计费,,,
ideogram_reframe_V_3_DEFAULT,Ideogram,,,0.225,,¥,"使用 Ideogram 3.0 将方形图像重构为选定的分辨率,快速模式",绘画,按次计费,,,
ideogram_reframe_V_3_QUALITY,Ideogram,,,0.338,,¥,"使用 Ideogram 3.0 将方形图像重构为选定的分辨率,极速模式",绘画,按次计费,,,
ideogram_reframe_V_3_TURBO,Ideogram,,,0.112,,¥,使用 Ideogram 3.0 将方形图像重构为选定的分辨率.慢速模式,绘画,按次计费,,,
ideogram_remix_V_1,Ideogram,,,0.338,,¥,文本和参考图像到图像,绘画,按次计费,,,
ideogram_remix_V_1_TURBO,Ideogram,,,0.09,,¥,文本和参考图像到图像,绘画,按次计费,,,
ideogram_remix_V_2,Ideogram,,,0.45,,¥,文本和参考图像到图像,绘画,按次计费,,,
ideogram_remix_V_2_TURBO,Ideogram,,,0.225,,¥,文本和参考图像到图像,绘画,按次计费,,,
ideogram_remix_V_3_DEFAULT,Ideogram,,,0.225,,¥,"根据给定的提示和可选参数与 Ideogram 3.0 模型同步提供图像,快速模式",绘画,按次计费,,,
ideogram_remix_V_3_QUALITY,Ideogram,,,0.338,,¥,"根据给定的提示和可选参数与 Ideogram 3.0 模型同步提供图像,极速模式",绘画,按次计费,,,
ideogram_remix_V_3_TURBO,Ideogram,,,0.112,,¥,"根据给定的提示和可选参数与 Ideogram 3.0 模型同步提供图像,慢速模式",绘画,按次计费,,,
ideogram_replace_background_V_3_DEFAULT,Ideogram,,,0.225,,¥,"使用 Ideogram 3.0 的提示同步替换给定图像的背景。将识别并保留前景主题，而背景将根据提示和所选样式进行替换,快速模式",绘画,按次计费,,,
ideogram_replace_background_V_3_QUALITY,Ideogram,,,0.338,,¥,"使用 Ideogram 3.0 的提示同步替换给定图像的背景。将识别并保留前景主题，而背景将根据提示和所选样式进行替换,极速模式",绘画,按次计费,,,
ideogram_replace_background_V_3_TURBO,Ideogram,,,0.112,,¥,"使用 Ideogram 3.0 的提示同步替换给定图像的背景。将识别并保留前景主题，而背景将根据提示和所选样式进行替换,慢速模式",绘画,按次计费,,,
ideogram_upscale,Ideogram,,,0.338,,¥,参考图像和可选的文本。将参考图像的分辨率提高至最高 2 倍，并可能增强参考图像。,绘画,按次计费,,,
ideogram-ai/ideogram-v2-turbo,Replicate,,,0.188,,¥,使用 Ideogram V2 Turbo 加速图像生成。以更快的速度创建高质量的视觉效果、海报和徽标，同时保持 Ideogram 的标志性品质。,"绘画, 异步",按次计费,,,
jimeng_high_aes_general_v21_L,Jimeng,37.5,37.5,,/M输出,¥,,视频生成,按量计费,,,
jimeng-4.0,Jimeng,,,0.09,,¥,,绘图,按次计费,,,
jimeng-4.1,Jimeng,,,0.09,,¥,,绘图,按次计费,,,
jimeng-4.5,Jimeng,,,0.09,,¥,,绘图,按次计费,,,
jimeng-video-3.0,Jimeng,,,0.19,,¥,,,按次计费,,,
jimeng-videos,Jimeng,,,0.6,,¥,即梦3 视频生成，支持图生视频,"异步, 视频生成",按次计费,,,
kimi-k2,MoonshotAI,2,8,,/M输出,¥,Kimi K2是一个突破性的混合专家模型，专为前沿知识、推理和编程任务中的卓越性能而设计。为自主行动和智能问题解决而构建。,对话,按量计费,,,
kimi-k2-0711-preview,MoonshotAI,0.45,1.35,,/M输出,¥,kimi-k2 是一款具备超强代码和 Agent 能力的 MoE 架构基础模型。在编程、数学、Agent等主要类别测试里面，K2的性能超过其他主流开源模型 ！,对话,按量计费,,,
kimi-k2-0711-preview-search,MoonshotAI,0.45,1.35,,/M输出,¥,kimi-k2 是一款具备超强代码和 Agent 能力的 MoE 架构基础模型。在编程、数学、Agent等主要类别测试里面，K2的性能超过其他主流开源模型 ！,"对话, 联网",按量计费,,,
kimi-k2-0905,MoonshotAI,2,8,,/M输出,¥,,,按量计费,,,
kimi-k2-250905,MoonshotAI,1.25,5,,/M输出,¥,Kimi-K2 是一款Moonshot AI推出的具备超强代码和 Agent 能力的 MoE 架构基础模型，总参数 1T，激活参数 32B。在通用知识推理、编程、数学、Agent 等主要类别的基准性能测试中，K2 模型的性能超过其他主流开源模型。,对话,按量计费,,,
kimi-k2-instruct,MoonshotAI,2,8,,/M输出,¥,Kimi K2 在前沿知识、推理和编码任务上表现出色，同时在代理能力方面进行了精心优化。,对话,按量计费,,,
Kimi-K2-Instruct,MoonshotAI,1.2,4.8,,/M输出,¥,,,按量计费,,,
kimi-k2-thinking,MoonshotAI,2,8,,/M输出,¥,,对话,按量计费,,,
kling-effects,Kling,,,1.4,,¥,视频特效处理,视频特效处理,按次计费,,,
kling-image,Kling,,,0.06,,¥,“最懂中文的图像生成大模型”：基于LLM大语言模型、数十亿中文语料训练，综合指标超过SDXL/SD3等开源模型和Midjourney等闭源模型，实现中文场景下的SOTA,绘画,按次计费,,,
kling-kolors-virtual-try-on,Kling,,,0.8,,¥,虚拟试穿（Kolors Virtual Try-on）在图像生成模型基础上，引入衣服SKU保持网络、人物Pose姿势、背景修复等技术，实现任意衣服、任意身材、任意动作的试穿效果生成。就算在复杂的人物背景下，也可以生成高质量的试穿结果。,虚拟试穿,按次计费,,,
kling-lip-sync,Kling,,,0.8,,¥,对口型。是对文生/图生视频结果生成对口型视频；价格与原视频时长有关，5s视频1倍，10s 视频 2 倍,对口型,按次计费,,,
kling-video,Kling,,,1,,¥,全球领先的视频生成大模型：可灵是首个效果对标 Sora 、面向用户开放的视频生成大模型，目前在国内及国际上均处于领先地位。,"视频生成, 异步",按次计费,,,
kling-video-extend,Kling,,,1.2,,¥,视频延长是指对文生/图生视频结果进行时间上的延长，单次可延长4~5s，使用的模型和模式不可选择、与源视频相同；价格与原视频模式有关，std 1倍，pro 3.5倍,视频延长,按次计费,,,
llama-2-13b,Ollama,1,1,,/M输出,¥,高容量的Llama模型，适合复杂的分析和预测任务,对话,按量计费,,,
llama-2-70b,Ollama,1,1,,/M输出,¥,高容量的Llama模型，适合复杂的分析和预测任务,对话,按量计费,,,
llama-2-7b,Ollama,1,1,,/M输出,¥,,对话,按量计费,,,
llama-3-70b,Ollama,2,4,,/M输出,¥,70亿参数的最新Meta Llama 3模型,对话,按量计费,,,
llama-3-8b,Ollama,1,1,,/M输出,¥,7亿参数的最新Meta Llama 3模型,对话,按量计费,,,
llama-3-sonar-large-32k-chat,Ollama,0.75,0.75,,/M输出,¥,Llama 3代 32K上下文模型,对话,按量计费,,,
llama-3-sonar-small-32k-chat,Ollama,0.75,0.75,,/M输出,¥,Llama 3代 32K上下文模型,对话,按量计费,,,
llama-3.1-405b,Ollama,3,6,,/M输出,¥,"Meta的405B参数Llama 3.1模型,具有强大的通用能力",对话,按量计费,,,
llama-3.1-405b-instruct,Ollama,3,6,,/M输出,¥,"Meta的405B参数Llama 3.1指令微调版本,更适合对话场景",对话,按量计费,,,
llama-3.1-70b,Ollama,2,4,,/M输出,¥,"Meta的70B参数Llama 3.1模型,平衡了性能和效率",对话,按量计费,,,
llama-3.1-70b-instruct,Ollama,2,2,,/M输出,¥,"Meta的70B参数Llama 3.1快速指令版本,响应更快",对话,按量计费,,,
llama-3.1-8b,Ollama,1,1,,/M输出,¥,"Meta的8B参数Llama 3.1模型,轻量级版本适合资源受限场景",对话,按量计费,,,
llama-3.2-11b-vision-instruct,Ollama,1,1,,/M输出,¥,"Meta的11B参数Llama 3.2指令版本,轻量级对话模型",对话,按量计费,,,
llama-3.2-1b-instruct,Ollama,0.25,0.063,,/M输出,¥,"Meta的1B参数Llama 3.2指令版本,超轻量级对话模型",对话,按量计费,,,
llama-3.2-3b-instruct,Ollama,0.5,0.25,,/M输出,¥,@cf/meta/llama-3.2-3b-instruct 是由 cloudflare-workers-ai 提供的人工智能模型。,对话,按量计费,,,
llama-3.2-90b-vision-instruct,Ollama,3,9,,/M输出,¥,"Meta的90B参数Llama 3.2指令微调版本,更适合对话场景",对话,按量计费,,,
lucataco/animate-diff,Replicate,,,0.364,,¥,为您的个性化文本到图像传播模型制作动画,"绘画, 异步",按次计费,,,
lucataco/flux-dev-lora,Replicate,,,0.165,,¥,,"异步, 绘画",按张计费,,,
lucataco/flux-schnell-lora,Replicate,,,0.024,,¥,FLUX.1-Schnell LoRA 探索器,"绘画, 异步",按张计费,,,
lucataco/remove-bg,Replicate,,,0.001,,¥,删除图像的背景,"绘画, 异步",按次计费,,,
luma_video_api,Luma,,,1.8,,¥,"Luma AI API 文生视频，支持上传2张参考图片；可以打造出 Luma 官网同款平台，支持官网所有操作; 
默认 分组为快速模式，价格略高，大概40秒出视频，排队优先无水印；","视频生成, 异步",按次计费,,,
luma_video_extend_api,Luma,,,1.8,,¥,Luma AI API 视频扩展,"视频生成, 异步",按次计费,,,
mai-ds-r1,Unknown,0.394,1.577,,/M输出,¥,,,按量计费,,,
MAI-DS-R1,DeepSeek,0.394,1.577,,/M输出,¥,"MAI-DS-R1 是一个 DeepSeek-R1 推理模型，经过微软 AI 团队的后期训练，以填补模型先前版本中的信息空白，并改善其风险特征，同时保持 R1 推理能力。该模型使用了来自 Tulu 3 SFT 数据集的 110,000 个安全性和不合规性示例进行训练，此外还使用了约 350,000 个内部开发的多语言示例数据集，涵盖了各种报告偏见的话题。","对话, 思考",按量计费,,,
meta-llama/llama-4-maverick,Ollama,1.25,5,,/M输出,¥,llama一流的原生多模式模型，提供卓越的文本，可实现无缝长文档分析。,对话,按量计费,,,
meta-llama/llama-4-scout,Ollama,1.25,5,,/M输出,¥,llama一流的原生多模式模型，提供卓越的文本，单个 H100 GPU 效率以及 10M 上下文窗口，可实现无缝长文档分析。,对话,按量计费,,,
MiniMax-Hailuo-02,Minimax,,,2,,¥,海螺AI 02通过先进的AI运动合成技术，让您的图像栩栩如生。无论您是为社交媒体创建内容、开发互动应用程序，还是制作营销材料，此模型都能从单张图像中提供流畅、自然的动画效果。,"视频生成, 异步",按次计费,,,
MiniMax-Hailuo-2.3,Minimax,,,2,,¥,MiniMax视频模型 Hailuo 2.3，在 Hailuo 02 模型的基础上进一步升级动态表现力，画面更加真实、稳定。Hailuo 2.3 模型在肢体动作呈现、风格化以及人物微表情方面实现了显著的效果提升，同时对运动指令响应做进一步优化。,"视频生成, 异步",按次计费,,,
MiniMax-Hailuo-2.3-Fast,Minimax,,,1.35,,¥,Hailuo 2.3 Fast 模型，生成速度更快，定价更低，最高可为批量创作降低50%成本。,"视频生成, 异步",按次计费,,,
MiniMax-M2,Unknown,1.05,4.2,,/M输出,¥,,,按量计费,,,
minimax/video-01,Replicate,,,1.875,,¥,全新高清型号拥有超强的节奏感和稳定性，在复现相似度和音质方面有着出色的表现,"视频生成, 异步",按次计费,,,
minimax/video-01-live,Replicate,,,1.875,,¥,专门针对 Live2D 和一般动画用例训练的图像到视频 (I2V) 模型,"视频生成, 异步",按次计费,,,
mistral-large-latest,Mistral,1,3,,/M输出,¥,Mistral Large 是 Mistral AI 的旗舰模型，具备顶级的推理能力 。它在复杂的多语言推理任务中表现出色，包括文本理解、转换和代码生成 。,对话,按量计费,,,
mistral-small-latest,Mistral,1,3,,/M输出,¥,Mistral Small 是一个优化过的模型，注重低延迟和成本效益 。它是 Mistral AI 的开放权重模型和旗舰模型之间的一个中间解决方案 。,对话,按量计费,,,
mj_blend,Midjourney,,,0.075,,¥,Midjourney混合模式,"绘画, 异步",按次计费,,,
mj_custom_zoom,Midjourney,,,0,,¥,Midjourney自定义缩放,"绘画, 异步",按次计费,,,
mj_describe,Midjourney,,,0.037,,¥,Midjourney描述模式,"绘画, 异步",按次计费,,,
mj_edits,Unknown,18.75,18.75,,/M输出,¥,,,按量计费,,,
mj_high_variation,Midjourney,,,0.075,,¥,Midjourney高变化模式,"绘画, 异步",按次计费,,,
mj_imagine,Midjourney,,,0.075,,¥,Midjourney想象模式,"绘画, 异步",按次计费,,,
mj_inpaint,Midjourney,,,0,,¥,Midjourney局部重绘,"绘画, 异步",按次计费,,,
mj_low_variation,Midjourney,,,0.075,,¥,Midjourney低变化模式,"绘画, 异步",按次计费,,,
mj_modal,Midjourney,,,0.075,,¥,Midjourney模态模式,"绘画, 异步",按次计费,,,
mj_pan,Midjourney,,,0.075,,¥,Midjourney平移模式,"绘画, 异步",按次计费,,,
mj_reroll,Midjourney,,,0.075,,¥,Midjourney重新生成,"绘画, 异步",按次计费,,,
mj_uploads,Midjourney,,,0.001,,¥,Midjourney图片上传服务,"绘画, 异步",按次计费,,,
mj_upscale,Midjourney,,,0.037,,¥,Midjourney放大模式,"绘画, 异步",按次计费,,,
mj_variation,Midjourney,,,0.075,,¥,Midjourney变体模式,"绘画, 异步",按次计费,,,
mj_video,Unknown,18.75,18.75,,/M输出,¥,,,按量计费,,,
mj_zoom,Midjourney,,,0.075,,¥,Midjourney缩放模式,"绘画, 异步",按次计费,,,
moonshot-v1-128k,MoonshotAI,18,18,,/M输出,¥,是 Moonshot AI 推出了一款千亿参数的语言模型，具备优秀的语义理解、指令遵循和文本生成能力。支持 128K 上下文窗口,对话,按量计费,,,
moonshot-v1-32k,MoonshotAI,3.6,3.6,,/M输出,¥,是 Moonshot AI 推出了一款千亿参数的语言模型，具备优秀的语义理解、指令遵循和文本生成能力。支持 32K 上下文窗口,对话,按量计费,,,
moonshot-v1-8k,MoonshotAI,1.8,1.8,,/M输出,¥,是 Moonshot AI 推出了一款千亿参数的语言模型，具备优秀的语义理解、指令遵循和文本生成能力。支持 8K 上下文窗口，适合短文本实时交互场景,对话,按量计费,,,
netease-youdao/bce-reranker-base_v1,SiliconCloud,0.005,0.005,,/M输出,¥,bce-reranker-base_v1 是网易有道开发的双语和跨语言重排序模型，支持中文、英文、日文和韩文。该模型在 RAG 系统中用于精确重排检索结果，可以提供有意义的相关性分数，有助于过滤低质量段落。它针对多种 RAG 任务进行了优化，包括翻译、摘要和问答等。该模型无需特定指令即可使用，具有广泛的领域适应性，已在有道的多个产品中得到验证,重排序,按量计费,,,
o1,OpenAI,4.5,18,,/M输出,¥,o1 完整版，会花费更多时间思考（形成思路链）才能得出答案，这让它更适合执行复杂的推理任务，尤其是科学和数学任务,对话,按量计费,,,
o1-2024-12-17,OpenAI,4.5,18,,/M输出,¥,o1 完整版，会花费更多时间思考（形成思路链）才能得出答案，这让它更适合执行复杂的推理任务，尤其是科学和数学任务,对话,按量计费,,,
o1-all,OpenAI,,,0.325,,¥,官网页版逆向o1 完整版，会花费更多时间思考（形成思路链）才能得出答案，这让它更适合执行复杂的推理任务，尤其是科学和数学任务,"对话, 思考",按次计费,,,
o1-mini,OpenAI,0.33,1.32,,/M输出,¥,o1-mini 是一种快速、经济高效的推理模型，专为编码、数学和科学用例而定制。该模型具有 128K 上下文和 2023 年 10 月的知识截止点。,对话,按量计费,,,
o1-mini-2024-09-12,OpenAI,0.33,1.32,,/M输出,¥,o1-mini 是一种快速、经济高效的推理模型，专为编码、数学和科学用例而定制。该模型具有 128K 上下文和 2023 年 10 月的知识截止点。,对话,按量计费,,,
o1-mini-all,OpenAI,,,0.075,,¥,<div>o1-mini-all 模型集合了 o1-mini 的基础能力、联网、读图、绘图功能、code interpreter于一体，文件链接可放 prompt 任意位置</div>,"对话, 思考",按次计费,,,
o1-preview,OpenAI,4.5,18,,/M输出,¥,o1-preview 是我们针对需要广泛常识的复杂任务的新推理模型。该模型具有 128K 上下文和 2023 年 10 月的知识截止点。,对话,按量计费,,,
o1-preview-2024-09-12,OpenAI,4.5,18,,/M输出,¥,o1-preview 是我们针对需要广泛常识的复杂任务的新推理模型。该模型具有 128K 上下文和 2023 年 10 月的知识截止点。,对话,按量计费,,,
o1-preview-all,OpenAI,,,0.15,,¥,<div>o1-preview-all 模型集合了 o1-preview 的基础能力、联网、读图、绘图功能、code interpreter于一体，文件链接可放 prompt 任意位置</div>,"对话, 思考",按次计费,,,
o1-pro,OpenAI,225,900,,/M输出,¥,,,按量计费,,,
o1-pro-2025-03-19,OpenAI,225,900,,/M输出,¥,,,按量计费,,,
o1-pro-all,OpenAI,,,0.55,,¥,官网页版逆向o1 完整版，会花费更多时间思考（形成思路链）才能得出答案，这让它更适合执行复杂的推理任务，尤其是科学和数学任务,"对话, 思考",按次计费,,,
o3,OpenAI,0.6,2.4,,/M输出,¥,o3 是由 openai 提供的人工智能模型。,"对话, 思考",按量计费,,,
o3-2025-04-16,OpenAI,0.6,2.4,,/M输出,¥,OpenAI最先进推理模型，擅长多模态分析，支持思考功能,"对话, 思考",按量计费,,,
o3-all,OpenAI,,,0.35,,¥,OpenAI最先进推理模型，擅长多模态分析，支持思考功能,"对话, 思考",按次计费,,,
o3-mini,OpenAI,0.33,1.32,,/M输出,¥,o3-mini 是 OpenAI 最新的小型推理模型，针对编码、数学和科学任务进行了优化。o3-mini 比 o1-mini 响应更快，并且可以通过更高的推理设置达到或超过 o1 的准确度,对话,按量计费,,,
o3-mini-2025-01-31,OpenAI,0.33,1.32,,/M输出,¥,o3-mini 是 OpenAI 最新的小型推理模型，针对编码、数学和科学任务进行了优化。o3-mini 比 o1-mini 响应更快，并且可以通过更高的推理设置达到或超过 o1 的准确度,对话,按量计费,,,
o3-mini-all,OpenAI,0.55,2.2,,/M输出,¥,o3-mini 是 openai 最新的思考模型,"对话, 思考",按量计费,,,
o3-mini-high-all,OpenAI,,,0.08,,¥,o3-mini-high 是 openai 最新的思考模型，聪明程度略胜于 o3-mini,"对话, 思考",按次计费,,,
o3-pro,OpenAI,6,24,,/M输出,¥,o3-pro 是由 openai 提供的人工智能模型。,"对话, 思考",按量计费,,,
o3-pro-2025-06-10,OpenAI,6,24,,/M输出,¥,3-pro 是OpenAI推出的强大推理模型，作为 o3 的升级版，在处理复杂问题和提供精准回答方面表现出色，在科学研究、编程、教育和写作等场景中优势明显。,"对话, 思考",按量计费,,,
o3-pro-all,OpenAI,,,0.7,,¥,OpenAI最先进推理模型，擅长多模态分析，支持思考功能,"对话, 思考",按次计费,,,
o4-mini,OpenAI,0.33,1.32,,/M输出,¥,o4-mini 是 OpenAI 最新的高效推理模型，低延迟高质量，支持多模态输入,"对话, 识图",按量计费,,,
o4-mini-2025-04-16,OpenAI,0.33,1.32,,/M输出,¥,o4-mini 是 OpenAI 最新的高效推理模型，低延迟高质量，支持多模态输入,"对话, 识图",按量计费,,,
o4-mini-all,OpenAI,,,0.1,,¥,o4-mini 是 OpenAI 最新的高效推理模型，低延迟高质量，支持多模态输入,"对话, 思考",按次计费,,,
phi-4,Unknown,22.5,22.5,,/M输出,¥,,,按量计费,,,
Phi-4,AzureAI,0.036,0.144,,/M输出,¥,新出Phi-4模型价格低廉，综合数据低于4o高于4omini,对话,按量计费,,,
Pro/BAAI/bge-reranker-v2-m3,SiliconCloud,0.07,0.07,,/M输出,¥,,重排序,按量计费,,,
prunaai/vace-14b,Replicate,,,2.588,,¥,这是一款视频内容替换模型，速度更快的 VACE-14B 型号，采用 pruna 进行了优化,"视频生成, 异步",按次计费,,,
qvq-72b-preview,AlibabaCloud,3.6,10.8,,/M输出,¥,QVQ模型是由 Qwen 团队开发的实验性研究模型，专注于提升视觉推理能力，尤其在数学推理领域。,对话,按量计费,,,
qwen-image-edit-2509,AlibabaCloud,,,0.06,,¥,qwen-image-edit-2509 是最新的绘画模型,绘画,按次计费,,,
qwen-max,AlibabaCloud,0.72,2.88,,/M输出,¥,公共云版！通义千问系列效果最好的模型，适合复杂、多步骤的任务。千亿级别超大规模语言模型，支持中文、英文等不同语言输入。适合文本创作、文本处理、编程辅助、翻译服务、对话模拟,对话,按量计费,,,
qwen-max-2025-01-25,AlibabaCloud,0.72,2.88,,/M输出,¥,公共云版！通义千问系列效果最好的模型，适合复杂、多步骤的任务。千亿级别超大规模语言模型，支持中文、英文等不同语言输入。适合文本创作、文本处理、编程辅助、翻译服务、对话模拟,对话,按量计费,,,
qwen-max-latest,AlibabaCloud,0.72,2.88,,/M输出,¥,公共云版！通义千问系列效果最好的模型，适合复杂、多步骤的任务。千亿级别超大规模语言模型，支持中文、英文等不同语言输入。适合文本创作、文本处理、编程辅助、翻译服务、对话模拟,对话,按量计费,,,
qwen-plus,AlibabaCloud,0.24,0.6,,/M输出,¥,通义千问超大规模语言模型，支持中文、英文等不同语言输入。适合文本创作、文本处理、编程辅助、翻译服务、对话模拟,对话,按量计费,,,
qwen-plus-2025-12-01,Qwen,0.4,1,,/M输出,¥,,,按量计费,,,
qwen-plus-latest,AlibabaCloud,0.24,0.6,,/M输出,¥,最新版通义千问-Plus能力均衡，推理效果、成本和速度介于通义千问-Max和通义千问-Turbo之间，适合中等复杂任务。,对话,按量计费,,,
qwen-turbo,AlibabaCloud,0.514,0.514,,/M输出,¥,通义千问超大规模语言模型，支持中文、英文等不同语言输入。适合文本创作、文本处理、编程辅助、翻译服务、对话模拟,对话,按量计费,,,
qwen-vl-max,AlibabaCloud,0.9,2.7,,/M输出,¥,通义千问视觉语言最大模型,"对话, 识图",按量计费,,,
Qwen/Qwen3-Reranker-0.6B,SiliconCloud,0.07,0.07,,/M输出,¥,Qwen3-Reranker-0.6B 是一款来自 Qwen3 系列的文本重排模型。 它专为优化初始检索系统的结果而设计，其核心功能是根据给定查询对文档的相关性进行重新排序。 该模型拥有 6 亿参数和 32k 的上下文长度，并继承了其 Qwen3 基础模型强大的多语言（支持超过 100 种语言）、长文本理解及推理能力。评测结果显示，Qwen3-Reranker-0.6B 在 MTEB-R、CMTEB-R 和 MLDR 等多个文本检索基准测试中均取得了优异的性能,重排序,按量计费,,,
Qwen/Qwen3-Reranker-4B,SiliconCloud,0.14,0.14,,/M输出,¥,Qwen3-Reranker-4B 是一款功能强大的文本重排模型，源自 Qwen3 系列，拥有 40 亿参数。 该模型旨在通过根据查询对初始文档列表进行重新排序，从而显著提升搜索结果的相关性。 它继承了其 Qwen3 基础模型的核心优势，包括对长文本（上下文长度高达 32k）的卓越理解能力以及对超过 100 种语言的强大支持。 基准测试结果表明，Qwen3-Reranker-4B 模型在各种文本和代码检索评测中表现出色,重排序,按量计费,,,
Qwen/Qwen3-Reranker-8B,SiliconCloud,0.28,0.28,,/M输出,¥,Qwen3-Reranker-8B 是 Qwen3 系列中拥有 80 亿参数的文本重排模型。 它的设计目标是通过根据查询对文档的相关性进行精确重排，从而优化并提升搜索结果的质量。 该模型构建于强大的 Qwen3 基础模型之上，擅长理解长文本（支持 32k 上下文长度），并支持超过 100 种语言。 Qwen3-Reranker-8B 作为其灵活系列的一员，在多种文本和代码检索场景中展现了顶尖的性能,重排序,按量计费,,,
qwen2-vl-72b-instruct,AlibabaCloud,2.25,2.25,,/M输出,¥,Qwen-VL通义千问VL开源版。,对话,按量计费,,,
qwen2-vl-7b-instruct,AlibabaCloud,0.25,0.25,,/M输出,¥,Qwen-VL通义千问VL开源版。,对话,按量计费,,,
qwen2.5-32b,AlibabaCloud,30,90,,/M输出,¥,,对话,按量计费,,,
qwen2.5-32b-instruct,AlibabaCloud,0.6,1.8,,/M输出,¥,通义千问2.5代32B参数指令模型,对话,按量计费,,,
qwen2.5-72b-instruct,AlibabaCloud,1.2,3.6,,/M输出,¥,通义千问2.5代72B参数指令模型,对话,按量计费,,,
qwen2.5-7b-instruct,AlibabaCloud,0.15,0.3,,/M输出,¥,qwen2.5-7b-instruct 是由 aliyun-bailian 提供的人工智能模型。,对话,按量计费,,,
qwen2.5-vl-32b-instruct,AlibabaCloud,2.4,7.2,,/M输出,¥,Qwen 模型家族的旗舰视觉语言模型，对比此前发布的 Qwen2-VL 实现了巨大的飞跃。在测试中，它在一系列涵盖多个领域和任务的基准测试中表现出色，包括大学水平的问题、数学、文档理解、视觉问答、视频理解和视觉 Agent。,"对话, 识图",按量计费,,,
qwen2.5-vl-72b-instruct,AlibabaCloud,4.8,14.4,,/M输出,¥,qwen2.5-vl-72b-instruct 是由 aliyun-bailian 提供的人工智能模型。,"对话, 识图",按量计费,,,
qwen2.5-vl-7b-instruct,AlibabaCloud,1,2.5,,/M输出,¥,指令跟随、数学、解题、代码整体提升，万物识别能力提升，支持多样格式直接精准定位视觉元素，支持对长视频文件（最长10分钟）进行理解和秒级别的事件时刻定位，能理解时间先后和快慢，基于解析和定位能力支持操控OS或Mobile的Agent，关键信息抽取能力和Json格式输出能力强，此版本为7B版本，计算量与性能相对平衡。,对话,按量计费,,,
qwen3-14b,AlibabaCloud,0.5,2,,/M输出,¥,qwen3-14b 是由 aliyun-bailian 提供的人工智能模型。,"对话, 识图",按量计费,,,
qwen3-235b-a22b,AlibabaCloud,0.6,2.4,,/M输出,¥,Qwen3 的数据集相比 Qwen2.5 有了显著扩展。Qwen2.5是在 18 万亿个 token 上进行预训练的，而 Qwen3 使用的数据量几乎是其两倍，达到了约 36 万亿个 token，涵盖了 119 种语言和方言。,"对话, 识图",按量计费,,,
qwen3-235b-a22b-instruct-2507,AlibabaCloud,1,4,,/M输出,¥,2025 年 7月发布的 qwen3-235b-a22b-instruct-2507 模型仅支持非思考模式，是qwen3-235b-a22b（非思考模式）的升级版。,对话,按量计费,,,
qwen3-235b-a22b-think,AlibabaCloud,0.9,3.6,,/M输出,¥,Qwen3 的数据集相比 Qwen2.5 有了显著扩展。Qwen2.5是在 18 万亿个 token 上进行预训练的，而 Qwen3 使用的数据量几乎是其两倍，达到了约 36 万亿个 token，涵盖了 119 种语言和方言。,"对话, 识图, 思考",按量计费,,,
qwen3-235b-a22b-thinking-2507,AlibabaCloud,1,4,,/M输出,¥,qwen3-235b-a22b-thinking-2507 是由 aliyun-bailian 提供的人工智能模型。,"对话, 思考",按量计费,,,
qwen3-30b-a3b,AlibabaCloud,0.225,0.9,,/M输出,¥,Qwen3 的数据集相比 Qwen2.5 有了显著扩展。Qwen2.5是在 18 万亿个 token 上进行预训练的，而 Qwen3 使用的数据量几乎是其两倍，达到了约 36 万亿个 token，涵盖了 119 种语言和方言。,对话,按量计费,,,
qwen3-30b-a3b-instruct-2507,AlibabaCloud,0.375,1.5,,/M输出,¥,2025 年 7月发布的 qwen3-30b-a3b-instruct-2507模型仅支持非思考模式，是qwen3-30b-a3b （非思考模式）的升级版。,"对话, 识图",按量计费,,,
qwen3-30b-a3b-think,AlibabaCloud,0.9,3.6,,/M输出,¥,Qwen3 的数据集相比 Qwen2.5 有了显著扩展。Qwen2.5是在 18 万亿个 token 上进行预训练的，而 Qwen3 使用的数据量几乎是其两倍，达到了约 36 万亿个 token，涵盖了 119 种语言和方言。,"对话, 识图, 思考",按量计费,,,
qwen3-30b-a3b-thinking-2507,AlibabaCloud,0.375,1.5,,/M输出,¥,2025 年 7月发布的 qwen3-30b-a3b-thinking-2507 模型仅支持思考模式，是qwen3-30b-a3b （思考模式）的升级版。,"对话, 识图, 思考",按量计费,,,
qwen3-32b,AlibabaCloud,0.6,2.4,,/M输出,¥,Qwen3 的数据集相比 Qwen2.5 有了显著扩展。Qwen2.5是在 18 万亿个 token 上进行预训练的，而 Qwen3 使用的数据量几乎是其两倍，达到了约 36 万亿个 token，涵盖了 119 种语言和方言。,"对话, 识图",按量计费,,,
qwen3-coder,AlibabaCloud,2,8,,/M输出,¥,,"对话, 思考",按量计费,,,
qwen3-coder-480b-a35b-instruct,AlibabaCloud,0.022,0.09,,/M输出,¥,通义千问代码模型开源版。最新的 qwen3-coder-480b-a35b-instruct 是基于 Qwen3 的代码生成模型，具有强大的Coding Agent能力，擅长工具调用和环境交互，能够实现自主编程、代码能力卓越的同时兼具通用能力。,"对话, 思考",按量计费,,,
qwen3-coder-plus,AlibabaCloud,1.2,4.8,,/M输出,¥,通义千问代码模型。最新的 Qwen3-Coder-Plus 系列模型是基于 Qwen3 的代码生成模型，具有强大的Coding Agent能力，擅长工具调用和环境交互，能够实现自主编程，代码能力卓越的同时兼具通用能力。,"对话, 思考",按量计费,,,
qwen3-max,AlibabaCloud,3,12,,/M输出,¥,通义千问系列效果最好的模型，适合复杂、多步骤的任务。,对话,按量计费,,,
qwen3-max-preview-n,AlibabaCloud,0.525,2.1,,/M输出,¥,qwen3-max-preview,对话,按量计费,,,
qwen3-next-80b-a3b-instruct,AlibabaCloud,0.3,1.2,,/M输出,¥,Qwen3-Next 80B-A3B Instruct 是由 alibaba-cn 提供的人工智能模型。,对话,按量计费,,,
qwen3-next-80b-a3b-thinking,AlibabaCloud,37.5,37.5,,/M输出,¥,2025 年 9月发布的 qwen3-next-80b-a3b-thinking 仅支持思考模式，相较于qwen3-235b-a22b-thinking-2507提升了指令遵循能力，总结回复更加精简。,对话,按量计费,,,
qwen3-vl-235b-a22b-instruct,AlibabaCloud,1,4,,/M输出,¥,阿里云的通义千问VL开源版。相较于Qwen2.5-VL，Qwen3-VL模型能力有极大提升。,"对话, 识图",按量计费,,,
qwen3-vl-235b-a22b-thinking,AlibabaCloud,37.5,37.5,,/M输出,¥,阿里云的通义千问VL开源版。仅思考模式。相较于Qwen2.5-VL，Qwen3-VL模型能力有极大提升。,"对话, 识图, 思考",按量计费,,,
qwen3-vl-plus,AlibabaCloud,0.45,4.5,,/M输出,¥,通义千问VL是具有视觉（图像）理解能力的文本生成模型，不仅能进行OCR（图片文字识别），还能进一步总结和推理，例如从商品照片中提取属性，根据习题图进行解题等,"对话, 识图",按量计费,,,
qwq-32b,AlibabaCloud,0.6,1.8,,/M输出,¥,QwQ-开源版。基于 Qwen2.5-32B 模型训练的 QwQ 推理模型，通过强化学习大幅度提升了模型推理能力。模型数学代码等核心指标（AIME 24/25、LiveCodeBench）以及部分通用指标（IFEval、LiveBench等）达到DeepSeek-R1 满血版水平，各指标均显著超过同样基于 Qwen2.5-32B 的 DeepSeek-R1-Distill-Qwen-32B。,"对话, 识图, 思考",按量计费,,,
qwq-72b-preview,AlibabaCloud,22.5,22.5,,/M输出,¥,QwQ-Preview模型是由 Qwen 团队于2024年开发的实验性研究模型，专注于增强 AI 推理能力，尤其是数学和编程领域。,对话,按量计费,,,
qwq-plus,AlibabaCloud,0.48,1.2,,/M输出,¥,稳定版QwQ基于 Qwen2.5 模型训练的 QwQ 推理模型，通过强化学习大幅度提升了模型推理能力。模型数学代码等核心指标（AIME 24/25、LiveCodeBench）以及部分通用指标（IFEval、LiveBench等）达到DeepSeek-R1 满血版水平。,对话,按量计费,,,
qwq-plus-2025-03-05,AlibabaCloud,0.48,1.2,,/M输出,¥,最新版QwQ基于 Qwen2.5 模型训练的 QwQ 推理模型，通过强化学习大幅度提升了模型推理能力。模型数学代码等核心指标（AIME 24/25、LiveCodeBench）以及部分通用指标（IFEval、LiveBench等）达到DeepSeek-R1 满血版水平。,对话,按量计费,,,
recraft-ai/recraft-v3,Replicate,,,0.15,,¥,Recraft V3 SVG（代号 red_panda）是一个文本转图像模型，能够生成高质量的 SVG 图像，包括标识和图标。该模型支持多种样式。,"绘画, 异步",按次计费,,,
recraft-ai/recraft-v3-svg,Replicate,,,0.3,,¥,Recraft V3 SVG（代号 red_panda）是一个文本转图像模型，能够生成高质量的 SVG 图像，包括标识和图标。该模型支持多种样式。,"绘画, 异步",按次计费,,,
riffusion/riffusion,Replicate,,,0.176,,¥,用于实时音乐生成的稳定扩散,"音乐, 异步",按次计费,,,
runwayml-gen3a_turbo-10,Runway,,,2,,¥,RunwayML Gen-3A Turbo-10 是 RunwayML 公司开发的一个先进的生成式 AI 模型,"视频生成, 异步",按次计费,,,
runwayml-gen3a_turbo-5,Runway,,,1,,¥,RunwayML Gen-3A Turbo-5 是 RunwayML 公司开发的一个先进的生成式 AI 模型,"视频生成, 异步",按次计费,,,
runwayml-gen4_turbo-10,Runway,,,2,,¥,,"视频生成, 异步",按次计费,,,
runwayml-gen4_turbo-5,Runway,,,1,,¥,,"视频生成, 异步",按次计费,,,
seed-oss-36b-instruct,Doubao,0.61,6.1,,/M输出,¥,,对话,按量计费,,,
sora_image,OpenAI,,,0.025,,¥,"和openai网页版一样的绘画模型 , 可以在提示词末尾加上【比例】来控制绘画尺寸,  比如  【4:3】  【1:1】  支持任意比例","绘画, 对话",按次计费,,,
sora-2,OpenAI,,,0.06,,¥,Sora 2 现已推出，openai最新的视频生成模型比之前的系统更加物理精准、逼真，并且更易于控制。它还支持同步对话和音效。,视频生成,按次计费,,,
sora-2-characters,OpenAI,,,0.003,,¥,"OpenAI 推出的 Sora Character 功能(也称为 Cameo 功能)，通过创建自定义角色并获取唯一的 Character ID,你可以让同一角色在无数视频中保持完美一致的外观和特征。",,按次计费,,,
sora-2-landscape,OpenAI,,,0.075,,¥,调用新版本的 Sora 生成横屏视频，高清版本请加-hd。sora-2-landscape-hd,"视频生成, -hd",按次计费,,,
sora-2-landscape-hd,OpenAI,,,0.075,,¥,调用新版本的 Sora 生成横屏视频，高清版本请加-hd。sora-2-landscape-hd,视频生成,按次计费,,,
sora-2-portrait,OpenAI,,,0.075,,¥,调用新版本的 Sora 生成竖屏视频，高清版本请加-hd。sora-2-portrait-hd,"视频生成, -hd",按次计费,,,
sora-2-portrait-hd,OpenAI,,,0.075,,¥,,视频生成,按次计费,,,
sora-2-pro,OpenAI,,,1.8,,¥,Sora 2 pro版本 ，支持1080p 和15s视频时长,视频生成,按次计费,,,
SparkDesk-v1.1,Spark,10,10,,/M输出,¥,"是由科大讯飞推出的新一代认知智能大模型,拥有跨领域的知识和语言理解能力,能够基于自然对话方式理解与执行任务,提供语言理解、知识问答、逻辑推理、数学题解答、代码理解。",对话,按量计费,,,
SparkDesk-v2.1,Spark,20,20,,/M输出,¥,"是由科大讯飞推出的新一代认知智能大模型,拥有跨领域的知识和语言理解能力,能够基于自然对话方式理解与执行任务,提供语言理解、知识问答、逻辑推理、数学题解答、代码理解",对话,按量计费,,,
SparkDesk-v3.1,Spark,30,30,,/M输出,¥,"是由科大讯飞推出的新一代认知智能大模型,拥有跨领域的知识和语言理解能力,能够基于自然对话方式理解与执行任务,提供语言理解、知识问答、逻辑推理、数学题解答、代码理解。",对话,按量计费,,,
SparkDesk-v3.5,Spark,30,30,,/M输出,¥,"是由科大讯飞推出的新一代认知智能大模型,拥有跨领域的知识和语言理解能力,能够基于自然对话方式理解与执行任务,提供语言理解、知识问答、逻辑推理、数学题解答、代码理解",对话,按量计费,,,
stability-ai/sdxl,Replicate,,,0.011,,¥,一个可以创建精美图像的文本到图像生成 AI 模型,"绘画, 异步",按张计费,,,
stability-ai/stable-diffusion,Replicate,,,0.013,,¥,一种潜在的文本到图像扩散模型，能够根据任何文本输入生成照片般逼真的图像,"绘画, 异步",按张计费,,,
stability-ai/stable-diffusion-img2img,Replicate,,,0.161,,¥,使用稳定扩散从输入图像生成新图像,"绘画, 异步",按张计费,,,
stability-ai/stable-diffusion-inpainting,Replicate,,,0.006,,¥,使用稳定扩散填充图像的蒙版部分,"绘画, 异步",按张计费,,,
sujaykhandekar/object-removal,Replicate,,,0.036,,¥,从图像中删除指定对象,"绘画, 异步",按次计费,,,
suno_lyrics,Suno,,,0.015,,¥,Suno API，可以打造出 Suno 官网同款平台，支持官网所有操作。此模型为生成歌词用,"音乐, 异步",按次计费,,,
suno_music,Suno,,,0.5,,¥,Suno API，可以打造出 Suno 官网同款平台，支持官网所有操作。此模型为生成歌曲用，支持自定义模式、灵感模式、续写,"音乐, 异步",按次计费,,,
text-ada-001,OpenAI,1.2,1.2,,/M输出,¥,"OpenAI 最基础的文本生成模型,速度最快但能力最弱",对话,按量计费,,,
text-babbage-001,OpenAI,1.5,1.5,,/M输出,¥,"OpenAI的Babbage模型,用于基础文本处理任务",对话,按量计费,,,
text-curie-001,OpenAI,6,6,,/M输出,¥,OpenAI GPT-3 系列的中等能力模型，在速度和能力上较为平衡,对话,按量计费,,,
text-embedding-3-large,OpenAI,0.039,0.039,,/M输出,¥,OpenAI 第三代嵌入模型，比 small 版本更强大，适用于需要最高性能的任务,"向量, 文本嵌入",按量计费,,,
text-embedding-3-small,OpenAI,0.006,0.006,,/M输出,¥,OpenAI 第三代嵌入模型，比第二代模型更快、更便宜，适用于大多数任务,"向量, 文本嵌入",按量计费,,,
text-embedding-ada-002,OpenAI,0.03,0.03,,/M输出,¥,针对各种NLP任务优化的基于Ada的文本嵌入模型。,"向量, 文本嵌入",按量计费,,,
text-embedding-v1,OpenAI,0.3,0.3,,/M输出,¥,,"向量, 文本嵌入",按量计费,,,
text-moderation-stable,OpenAI,0.1,0.1,,/M输出,¥,"稳定版文本审核模型,提供可靠的内容审核",文本审核,按量计费,,,
text-search-ada-doc-001,OpenAI,80,80,,/M输出,¥,,"向量, 文本嵌入",按量计费,,,
tts-1,OpenAI,4.5,4.5,,/M输出,¥,<div>文本转语音模型TTS，支持设置音色，标准 tts-1 模型提供最低的延迟，但质量低于 tts-1-hd 模型 </div>,文本转语音,按量计费,,,
tts-1-1106,OpenAI,4.5,4.5,,/M输出,¥,<div>文本转语音模型TTS，支持设置音色，标准 tts-1 模型提供最低的延迟，但质量低于 tts-1-hd 模型 </div>,文本转语音,按量计费,,,
tts-1-hd,OpenAI,9,9,,/M输出,¥,文本转语音模型TTS，支持设置音色,文本转语音,按量计费,,,
tts-1-hd-1106,OpenAI,9,9,,/M输出,¥,文本转语音模型TTS，支持设置音色,文本转语音,按量计费,,,
veo2,Gemini,,,0.225,,¥,"Google最新的高级人工智能模型, veo2 fast 模式，质量好速度快","视频生成, 异步",按次计费,,,
veo2-fast,Gemini,,,0.225,,¥,"Google最新的高级人工智能模型, veo2 fast 模式，质量好速度快","视频生成, 异步",按次计费,,,
veo2-fast-components,Gemini,,,0.225,,¥,"Google最新的高级人工智能模型, veo2 fast 模式, 支持上传图片素材，最终生成的视频会将所有图片合并成视频中的一部分，比如，图片 1 变成背景，图片 2 笼罩天空等等","视频生成, 异步",按次计费,,,
veo2-fast-frames,Gemini,,,0.225,,¥,"Google最新的高级人工智能模型, veo2 fast 模式，支持首尾帧","视频生成, 异步",按次计费,,,
veo2-pro,Gemini,,,2,,¥,"Google最新的高级人工智能模型, veo2 高质量 模式，质量很高，同时价格也很昂贵，使用需注意","视频生成, 异步",按次计费,,,
veo2-pro-components,Gemini,,,2,,¥,"Google最新的高级人工智能模型, veo2 pro模式, 支持上传图片素材，最终生成的视频会将所有图片合并成视频中的一部分，比如，图片 1 变成背景，图片 2 笼罩天空等等","视频生成, 异步",按次计费,,,
veo3-fast,Gemini,,,0.45,,¥,"Google最新的高级人工智能模型, veo3 快速 模式，支持视频自动配套音频生成，质量高价格很低，性价比最高的选择","视频生成, 异步",按次计费,,,
veo3-fast-frames,Gemini,,,0.45,,¥,"Google最新的高级人工智能模型, veo3 快速 模式，支持视频自动配套音频生成，支持首帧传递，质量高价格很低，性价比最高的选择","视频生成, 异步",按次计费,,,
veo3-frames,Gemini,,,0.45,,¥,"Google最新的高级人工智能模型, veo3 快速 模式，支持视频自动配套音频生成，支持首帧传递，质量高价格很低，性价比最高的选择","视频生成, 异步",按次计费,,,
veo3-pro,Gemini,,,2,,¥,"Google最新的高级人工智能模型, veo3 高质量 模式，支持视频自动配套音频生成，质量超高，价格也超高，使用需注意","视频生成, 异步",按次计费,,,
wan2.5-i2v-preview,AlibabaCloud,,,0.18,,¥,wan2.5-i2v-preview 是由 aliyun-bailian 提供的人工智能模型。,"视频生成, 异步",,,,
whisper-1,OpenAI,9,9,,/M输出,¥,Whisper 可以将语音转录为文本，并将多种语言翻译成英语,语音转文本,按量计费,,,
